,질문 개수,프롬프트,instruction,생성 질문
0,4,"
Role : ""당신은 대한민국에서 대입 논술 면접 학원을 운영하고 있는 선생님입니다.""
Task : ""당신의 주 업무는 제시문으로부터 새로운 질문을 생성하는 것입니다.
예시 질문을 보여드리겠습니다. 당신은 새로운 제시문이 주어지면, 제시문들의 내용을 파악한 후 이와 유사한 질문을 생성합니다.
예시 질문의 어투까지 따라해야 합니다.""

Format :
""환경정책을 수립할 때 유념해야 할 점에 대한, 글에서의 서로 다른 입장을 비교하시오."",
""글에 등장하는 화자들이 자신의 입장을 각각 어떻게 변호할지 논하시오."",
""제시문의 첫 단락과 마지막 단락에서의 주장의 차이점과 공통점을 설명하시오."",
""글에서 등장하는 화자들의 주장의 차이점과 공통점을 설명하시오.""
","다음 제시문을 보고, 질문과 답변 세트를 4개 생성해야 합니다. 다른 불필요한 문장은 모두 삭제해 주세요.
질문과 답변은 모두 한국어로, 1~2문장으로 구성해주세요.
각 질문들은 서로 다른 형태와 내용으로, 겹치지 않아야 합니다. 질문 부분에는 질문 자체만 생성해주세요.
질문은 반드시 ""~하시오""의 어투로 생성해야 합니다.

생성 형식은

  [""질문 1""
  ""답변 1""
  ""질문 2""
  ""답변 2""
  ""질문 3""
  ""답변 3""
  ""질문 4""
  ""답변 4""]
으로 해야 합니다.

이제 새로운 제시문을 보여드리겠습니다.

""유행은 누구나 가는 길로 가려는 모방 욕구와 자신을 표현하고 싶은 개성 욕구를 동시에 충족시켜주는 매우 독특한 현상이다.
유행을 따름으로써 자신도 주변 사람들과 똑같이 행동하고 있다는 안도감을 얻으려는 심리, 그리고 다른 사람들과 구별되는 만족감을 얻으려는 심리가 복합적으로 얽혀 있는 것이다.
남을 따르고자 하는 욕구나 소망이 결여되는 경우, 아니면 반대로 개성을 드러내려는 욕구가 결여되는 경우 유행의 영역은 더 이상 존재하지 않게 된다.
예를 들면, 모든 개인이 제각각 특수한 존재가 되려 하고 모방을 기피하는 집단에서는 유행이 발생하지 않는다.
1390년경 피렌체에서 남성 복장의 뚜렷한 유행이 존재하지 않았던 이유는 모두가 각자 독특한 방식으로 차려입고자 했기 때문이다.
반면에 유행이 전체를 지배하게 되면, 즉 처음에는 몇몇 사람이 주도했던 일을 예외 없이 모두가 따라 하게 되면, 그것이 옷이든 음악이든 더 이상 유행이라고 부르지 않는다.
유행은 결코 현재 상태에 머물지 않으며 부단히 진행된다.

다른 관점에서는, 옛것이나 선조를 추종하는 경향이 관습의 시대를 지배했다면, 새로운 것을 숭배하고 동시대인들을 모방하려는 경향이 유행의 시대를 특징 짓는다.
이제 사람들은 선조를 닮으려고 하기보다는, 주위 사람들을 닮으려 한다는 것이다.
변화에 대한 애정과 동시대인들에 대한 모방이 유행의 시대를 이끄는 두 가지 중요한 원리이다.
이 원리들에는 선조의 유산을 평가 절하하고 현재의 규범을 중요시하려는 경향이 동반된다.
옛것은 더 이상 존경해야 하는 것으로 여겨지지 않는다.
사람들은 끊임없이 새것을 탐닉하며, 같은 시대에 사는 사람들을 따라 한다.
예를 들면, 근대 유럽의 상류사회는 변화에 대한 열정에 사로잡혀 있었다.
그 열정은 최신 발명품과 이국적 문물에 대한 열망으로 타올랐다. 이탈리아, 스페인, 프랑스가 선도하는 유행을 다른 국가의 상류층 사람들이 앞다퉈 모방하였다.
그들은 새로운 것이면 무엇이든지 뒤쫓아가려고 했고, 가장 최근에 생겨난 변화를 받아들이고자 했다.
중하층 사람들은 다시 상류층의 유행을 모방하였다. 유행은 이런 식으로 사회 전체에 확산하였고, 언제나 새로운 것이 나타날 때마다 그것을 추종하는 상류층에 의해 계속해서 변화하였다.

한편,사람은 사회적인 존재이기 때문에 지위나 역할이 달라지면 자연히 거기에 맞는 행동양식을 하게 된다. 그 행동양식 가운데 하나가 언어 사용이다.
가령,‘엄마, 아빠’와 같은 말은 어린이들의 말이고,‘자네, 댁’과 같은 단어는 어른들의 말이라는 것도 나이에 따른 사회적 행동 양식이 반영된 것이라고 할 수 있다.
이런‘연령 단계’에 의한 언어 차이 외에도, 기성세대와 신세대, 또는 노년층 세대와 청소년층 세대처럼 ‘세대 차이’에 의한 언어 차이도 있을 수 있다.
젊은 세대는 대체로 기성세대와 비교해 볼 때 유행에 민감하고 새로운 변화를 쉽게 받아들인다.
언어에서도 젊은 세대의 이런 특성이 반영된다. 젊은 세대는 ‘반모’(반말 모드), ‘인싸’(무리에 잘 어울려 지내는 사람, 영어 ‘insider’의 의미) 등과 같은 유행어와 신조어를 만드는 주축으로, 대부분의 유행어와 신조어는 자신의 독특한 개성을 표출하려는 젊은 세대를 중심으로 사용된다.
이러한 언어의 유행 현상은 세대 변화에 따른 것이다.""

                ","질문 1: 유행은 누구를 따라가는 것이 아니라, 누구를 모방하는 것이냐?
답변 1: 유행은 바로 주변 사람들과 비슷하게 행동하고 싶은 욕구와 자신을 표현하고 싶은 성격 욕구가 복합적으로 얽혀 있는 것입니다. 따라서, 유행을 따른다는 것은 다른 사람들과 비슷하게 행동하고, 그들보다 더 잘 보여지기 위한 노력이 필요하다는 것을 의미합니다.

질문 2: 유행이 나타나면 왜 모든 사람들이 그 유행을 따라하게 되는 것일까요?
답변 2: 유행은 현재 상황에서 유행하는 것이 자랑거리와 일종의 안도감이 되기도 하기 때문입니다. 또한, 다른 사람들과 구별되는 만족감을 얻으려고 하는 심리적 요인도 있습니다. 이러한 이유로, 사람들은 유행을 따라하기 위해 노력하고 있습니다.

질문 3: 유행이 나타나면 어떤 영향을 끼치는가?
답변 3: 유행은 사회 생활 전반에 큰 영향을 미칩니다. 예를 들어, 유행하는 옷이나 음악 등을 통해 사람들의 패션 감각과 음악 취향 등이 변화하게 됩니다. 또한, 유행을 따라하면서 사람들 간의 공동체적인 결합력이 형성되기도 합니다.

질문 4: 마지막으로, 왜 유행이 언제나 변화하는 것일까요?
답변 4: 유행은 사람들이 새로운 것을 탐닉하고, 변화를 쉽게 받아들일 수 있는 심리적 특성 때문입니다. 또한, 어떤 유행이 있더라도 사람들의 다양성과 개성 때문에 그 유행을 모두 따라가는 것은 불가능합니다. 따라서, 유행은 끊임없이 변화하며, 새로운 유행이 등장하여 이전 유행을 밀어내는 것이 일반적입니다."
1,5,"
Role : ""당신은 대한민국에서 대입 논술 면접 학원을 운영하고 있는 선생님입니다.""
Task : ""당신의 주 업무는 제시문으로부터 새로운 질문을 생성하는 것입니다.
예시 질문을 보여드리겠습니다. 당신은 새로운 제시문이 주어지면, 제시문들의 내용을 파악한 후 이와 유사한 질문을 생성합니다.
생성한 질문은 반드시 ""~하시오""의 어투로 생성해야 합니다.""

Format :
""환경정책을 수립할 때 유념해야 할 점에 대한, 글에서의 서로 다른 입장을 비교하시오."",
""글에 등장하는 화자들이 자신의 입장을 각각 어떻게 변호할지 논하시오."",
""제시문의 첫 단락과 마지막 단락에서의 주장의 차이점과 공통점을 설명하시오."",
""글에서 등장하는 화자들의 주장의 차이점과 공통점을 설명하시오.""
","다음 제시문을 보고, 질문과 답변 세트를 5개 생성해야 합니다. 다른 불필요한 문장은 모두 삭제해 주세요.
질문과 답변은 모두 한국어로, 1~2문장으로 구성해주세요.
각 질문들은 서로 다른 형태와 내용으로, 겹치지 않아야 합니다. 질문 부분에는 질문 자체만 생성해주세요.
질문은 반드시 ""~하시오""의 어투로 생성해야 합니다.

생성 형식은

  [""질문 1""
  ""답변 1""
  ""질문 2""
  ""답변 2""
  ""질문 3""
  ""답변 3""
  ""질문 4""
  ""답변 4""
  ""질문 5""
  ""답변 5""]
으로 해야 합니다.

이제 새로운 제시문을 보여드리겠습니다.

""유행은 누구나 가는 길로 가려는 모방 욕구와 자신을 표현하고 싶은 개성 욕구를 동시에 충족시켜주는 매우 독특한 현상이다.
유행을 따름으로써 자신도 주변 사람들과 똑같이 행동하고 있다는 안도감을 얻으려는 심리, 그리고 다른 사람들과 구별되는 만족감을 얻으려는 심리가 복합적으로 얽혀 있는 것이다.
남을 따르고자 하는 욕구나 소망이 결여되는 경우, 아니면 반대로 개성을 드러내려는 욕구가 결여되는 경우 유행의 영역은 더 이상 존재하지 않게 된다.
예를 들면, 모든 개인이 제각각 특수한 존재가 되려 하고 모방을 기피하는 집단에서는 유행이 발생하지 않는다.
1390년경 피렌체에서 남성 복장의 뚜렷한 유행이 존재하지 않았던 이유는 모두가 각자 독특한 방식으로 차려입고자 했기 때문이다.
반면에 유행이 전체를 지배하게 되면, 즉 처음에는 몇몇 사람이 주도했던 일을 예외 없이 모두가 따라 하게 되면, 그것이 옷이든 음악이든 더 이상 유행이라고 부르지 않는다.
유행은 결코 현재 상태에 머물지 않으며 부단히 진행된다.

다른 관점에서는, 옛것이나 선조를 추종하는 경향이 관습의 시대를 지배했다면, 새로운 것을 숭배하고 동시대인들을 모방하려는 경향이 유행의 시대를 특징 짓는다.
이제 사람들은 선조를 닮으려고 하기보다는, 주위 사람들을 닮으려 한다는 것이다.
변화에 대한 애정과 동시대인들에 대한 모방이 유행의 시대를 이끄는 두 가지 중요한 원리이다.
이 원리들에는 선조의 유산을 평가 절하하고 현재의 규범을 중요시하려는 경향이 동반된다.
옛것은 더 이상 존경해야 하는 것으로 여겨지지 않는다.
사람들은 끊임없이 새것을 탐닉하며, 같은 시대에 사는 사람들을 따라 한다.
예를 들면, 근대 유럽의 상류사회는 변화에 대한 열정에 사로잡혀 있었다.
그 열정은 최신 발명품과 이국적 문물에 대한 열망으로 타올랐다. 이탈리아, 스페인, 프랑스가 선도하는 유행을 다른 국가의 상류층 사람들이 앞다퉈 모방하였다.
그들은 새로운 것이면 무엇이든지 뒤쫓아가려고 했고, 가장 최근에 생겨난 변화를 받아들이고자 했다.
중하층 사람들은 다시 상류층의 유행을 모방하였다. 유행은 이런 식으로 사회 전체에 확산하였고, 언제나 새로운 것이 나타날 때마다 그것을 추종하는 상류층에 의해 계속해서 변화하였다.

한편,사람은 사회적인 존재이기 때문에 지위나 역할이 달라지면 자연히 거기에 맞는 행동양식을 하게 된다. 그 행동양식 가운데 하나가 언어 사용이다.
가령,‘엄마, 아빠’와 같은 말은 어린이들의 말이고,‘자네, 댁’과 같은 단어는 어른들의 말이라는 것도 나이에 따른 사회적 행동 양식이 반영된 것이라고 할 수 있다.
이런‘연령 단계’에 의한 언어 차이 외에도, 기성세대와 신세대, 또는 노년층 세대와 청소년층 세대처럼 ‘세대 차이’에 의한 언어 차이도 있을 수 있다.
젊은 세대는 대체로 기성세대와 비교해 볼 때 유행에 민감하고 새로운 변화를 쉽게 받아들인다.
언어에서도 젊은 세대의 이런 특성이 반영된다. 젊은 세대는 ‘반모’(반말 모드), ‘인싸’(무리에 잘 어울려 지내는 사람, 영어 ‘insider’의 의미) 등과 같은 유행어와 신조어를 만드는 주축으로, 대부분의 유행어와 신조어는 자신의 독특한 개성을 표출하려는 젊은 세대를 중심으로 사용된다.
이러한 언어의 유행 현상은 세대 변화에 따른 것이다.""

                ","질문 1: 유행은 누구를 따라가는 것이 아니라, 누구를 모방하는 것이냐?
답변 1: 유행은 바로 주변 사람들과 비슷하게 행동하고 싶은 욕구와 자신을 표현하고 싶은 성격 욕구가 복합적으로 얽혀 있는 것입니다. 따라서, 유행을 따른다는 것은 다른 사람들과 비슷하게 행동하고, 그들처럼 옷을 입고, 행동을 하는 것을 의미합니다.

질문 2: 유행이 나타나면 왜 모든 사람들이 그 유행을 따라하게 되는 것일까요?
답변 2: 유행은 현재 상황에 있는 사람들의 행동과 욕구를 따라하기 때문입니다. 사람들은 주변의 사람들, 특히 인기 있는 사람들과 닮고자 노력하고, 그들로부터 존경과 인정받기를 원합니다. 따라서, 유행이 나타나면 사람들은 그 유행을 따라야 한다는 강한 사회적 압력을 느끼게 됩니다.

질문 3: 유행이 사라진다면 어떤 일이 일어날까요?
답변 3: 유행이 사라지면, 사람들의 행동과 옷차림은 더 이상 주변 사람들과 비슷하게 보이지 않게 됩니다. 이는 따로 특별한 패션이나 취향이 없어지기 때문에 발생합니다. 예를 들어, 1390년경 피렌체에서 남성 복장의 뚜렷한 유행이 존재하지 않았던 이유는 모든 개인이 제각각 특수한 모습이 되기 때문입니다.

질문 4: 왜 유행은 언제나 변하는 것일까요?
답변 4: 유행은 변화하고 있는 사람들의 욕구와 동시대인들에 대한 모방이 결합된 것입니다. 따라서, 새로운 것이 항상 등장하며, 그것이 유행을 이끌어갈 때는 그 새로운 것에 대한 열정과 동시대인들과의 모방이 작용합니다. 

질문 5: 어떤 사람들은 유행에 대해 거부감을 느끼면서 따라가지 않는다고 말하시는데, 왜 이런 것일까요?
답변 5: 이렇게 하는 이유는, 유행이 되면 모든 사람들이 그것을 따라하게 되고, 그 결과로는 개별성이 없어지기 때문입니다. 사람들은 자기만의 개성을 표현하고 싶은 욕구가 있기 때문에, 유행을 따르는 것이 그들을 위한 것이 아니라는 것을 깨닫게 됩니다. 따라서, 이들은 유행에 대해 거부감을 느끼고, 자신의 개성을 유지하기 위해 그에 따른 행동을 취할 수 있습니다."
2,5,"
Role : ""당신은 대한민국에서 대입 논술 면접 학원을 운영하고 있는 선생님입니다.""
Task : ""당신의 주 업무는 제시문으로부터 새로운 질문을 생성하는 것입니다.
예시 질문을 보여드리겠습니다. 당신은 새로운 제시문이 주어지면, 제시문들의 내용을 파악한 후 이와 유사한 질문을 생성합니다.
생성한 질문은 반드시 ""~하시오""의 어투로 생성해야 합니다.""

Format :
""환경정책을 수립할 때 유념해야 할 점에 대한, 글에서의 서로 다른 입장을 비교하시오."",
""글에 등장하는 화자들이 자신의 입장을 각각 어떻게 변호할지 논하시오."",
""제시문의 첫 단락과 마지막 단락에서의 주장의 차이점과 공통점을 설명하시오."",
""글에서 등장하는 화자들의 주장의 차이점과 공통점을 설명하시오.""
","다음 제시문을 보고, 질문과 답변 세트를 5개 생성해야 합니다. 다른 불필요한 문장은 모두 삭제해 주세요.
질문과 답변은 모두 한국어로, 1~2문장으로 구성해주세요.
각 질문들은 서로 다른 형태와 내용으로, 겹치지 않아야 합니다. 질문 부분에는 질문 자체만 생성해주세요.
질문은 반드시 ""~하시오""의 어투로 생성해야 합니다.

생성 형식은

  [""질문 1""
  ""답변 1""
  ""질문 2""
  ""답변 2""
  ""질문 3""
  ""답변 3""
  ""질문 4""
  ""답변 4""
  ""질문 5""
  ""답변 5""]
으로 해야 합니다.

이제 새로운 제시문을 보여드리겠습니다.

""유행은 누구나 가는 길로 가려는 모방 욕구와 자신을 표현하고 싶은 개성 욕구를 동시에 충족시켜주는 매우 독특한 현상이다.
유행을 따름으로써 자신도 주변 사람들과 똑같이 행동하고 있다는 안도감을 얻으려는 심리, 그리고 다른 사람들과 구별되는 만족감을 얻으려는 심리가 복합적으로 얽혀 있는 것이다.
남을 따르고자 하는 욕구나 소망이 결여되는 경우, 아니면 반대로 개성을 드러내려는 욕구가 결여되는 경우 유행의 영역은 더 이상 존재하지 않게 된다.
예를 들면, 모든 개인이 제각각 특수한 존재가 되려 하고 모방을 기피하는 집단에서는 유행이 발생하지 않는다.
1390년경 피렌체에서 남성 복장의 뚜렷한 유행이 존재하지 않았던 이유는 모두가 각자 독특한 방식으로 차려입고자 했기 때문이다.
반면에 유행이 전체를 지배하게 되면, 즉 처음에는 몇몇 사람이 주도했던 일을 예외 없이 모두가 따라 하게 되면, 그것이 옷이든 음악이든 더 이상 유행이라고 부르지 않는다.
유행은 결코 현재 상태에 머물지 않으며 부단히 진행된다.

다른 관점에서는, 옛것이나 선조를 추종하는 경향이 관습의 시대를 지배했다면, 새로운 것을 숭배하고 동시대인들을 모방하려는 경향이 유행의 시대를 특징 짓는다.
이제 사람들은 선조를 닮으려고 하기보다는, 주위 사람들을 닮으려 한다는 것이다.
변화에 대한 애정과 동시대인들에 대한 모방이 유행의 시대를 이끄는 두 가지 중요한 원리이다.
이 원리들에는 선조의 유산을 평가 절하하고 현재의 규범을 중요시하려는 경향이 동반된다.
옛것은 더 이상 존경해야 하는 것으로 여겨지지 않는다.
사람들은 끊임없이 새것을 탐닉하며, 같은 시대에 사는 사람들을 따라 한다.
예를 들면, 근대 유럽의 상류사회는 변화에 대한 열정에 사로잡혀 있었다.
그 열정은 최신 발명품과 이국적 문물에 대한 열망으로 타올랐다. 이탈리아, 스페인, 프랑스가 선도하는 유행을 다른 국가의 상류층 사람들이 앞다퉈 모방하였다.
그들은 새로운 것이면 무엇이든지 뒤쫓아가려고 했고, 가장 최근에 생겨난 변화를 받아들이고자 했다.
중하층 사람들은 다시 상류층의 유행을 모방하였다. 유행은 이런 식으로 사회 전체에 확산하였고, 언제나 새로운 것이 나타날 때마다 그것을 추종하는 상류층에 의해 계속해서 변화하였다.

한편,사람은 사회적인 존재이기 때문에 지위나 역할이 달라지면 자연히 거기에 맞는 행동양식을 하게 된다. 그 행동양식 가운데 하나가 언어 사용이다.
가령,‘엄마, 아빠’와 같은 말은 어린이들의 말이고,‘자네, 댁’과 같은 단어는 어른들의 말이라는 것도 나이에 따른 사회적 행동 양식이 반영된 것이라고 할 수 있다.
이런‘연령 단계’에 의한 언어 차이 외에도, 기성세대와 신세대, 또는 노년층 세대와 청소년층 세대처럼 ‘세대 차이’에 의한 언어 차이도 있을 수 있다.
젊은 세대는 대체로 기성세대와 비교해 볼 때 유행에 민감하고 새로운 변화를 쉽게 받아들인다.
언어에서도 젊은 세대의 이런 특성이 반영된다. 젊은 세대는 ‘반모’(반말 모드), ‘인싸’(무리에 잘 어울려 지내는 사람, 영어 ‘insider’의 의미) 등과 같은 유행어와 신조어를 만드는 주축으로, 대부분의 유행어와 신조어는 자신의 독특한 개성을 표출하려는 젊은 세대를 중심으로 사용된다.
이러한 언어의 유행 현상은 세대 변화에 따른 것이다.""

                ","질문 1: 유행은 누구를 따라가는 것이 아니라, 누구를 모방하는 것이 아니라는 것을 강조하시오.
답변 1: 유행은 바로 주변 사람들과 자신도 똑같이 행동하고 싶다는 욕구를 충족시키는 것입니다. 따라서, 유행을 따르는 것은 다른 사람들과 제각각으로 행동하려는 욕구를 억제하는 것과 같습니다.

질문 2: 유행이 나타나면 어떤 현상이 일어나는가요?
답변 2: 유행이 나타나면 많은 사람들이 특정 행동이나 옷을 모방하게 되고, 그렇게 되면 유행은 더이상 유행이 아닌 것이 됩니다. 유행은 일시적인 것이기 때문에, 어느 순간에는 유행이 아닌 것으로 남아있게 됩니다.

질문 3: 왜 유행이 중요한가요?
답변 3: 유행은 사람들이 자신의 개성과 구별되지 않도록 하고, 자신감과 자아존중감을 잃게 만드는 요소입니다. 따라서, 유행에 너무 집착하면 개인의 독창성과 창의성을 퇴색시킬 수 있습니다.

질문 4: 어떤 조건에서 유행이 생깁니다?
답변 4: 유행은 변화와 관련이 많습니다. 새로운 것이 생기면 사람들은 그 변화에 열광하게 되고, 기존의 규범과 관습을 벗어나 새로운 것을 시도하게 됩니다. 이러한 변화를 수용하는 능력이 있는 사람들이 유행을 이끌게 됩니다.

질문 5: 왜 사람들은 유행에 대해 민감할까요?
답변 5: 사람들은 자신의 세대 변화가 반영되어 있는 것으로 생각하기 때문에 유행에 민감합니다. 또한, 유행이 어떤 특정한 행동이나 옷을 따라하면, 그 것은 그들이 속한 그룹에서 인정받고 동화되기 위한 수단으로 작용하기 때문입니다."
3,4,"
Role : ""당신은 대한민국에서 대입 논술 면접 학원을 운영하고 있는 선생님입니다.""
Task : ""당신의 주 업무는 제시문으로부터 새로운 질문을 생성하는 것입니다.
예시 질문을 보여드리겠습니다. 당신은 새로운 제시문이 주어지면, 제시문들의 내용을 파악한 후 이와 유사한 질문을 생성합니다.
모든 질문은 반드시 ""~하시오""의 어투로 생성해야 합니다.""

Format :
""환경정책을 수립할 때 유념해야 할 점에 대한, 글에서의 서로 다른 입장을 비교하시오."",
""글에 등장하는 화자들이 자신의 입장을 각각 어떻게 변호할지 논하시오."",
""제시문의 첫 단락과 마지막 단락에서의 주장의 차이점과 공통점을 설명하시오."",
""글에서 등장하는 화자들의 주장의 차이점과 공통점을 설명하시오.""
","다음 제시문을 보고, 질문과 답변 세트를 4개 생성해야 합니다. 다른 불필요한 문장은 모두 삭제해 주세요.
질문과 답변은 모두 한국어로, 1~2문장으로 구성해주세요.
각 질문들은 서로 다른 형태와 내용으로, 겹치지 않아야 합니다. 질문 부분에는 질문 자체만 생성해주세요.
모든 질문은 반드시 ""~하시오""의 어투로 생성해야 합니다.

생성 형식은

  [""질문 1""
  ""답변 1""
  ""질문 2""
  ""답변 2""
  ""질문 3""
  ""답변 3""
  ""질문 4""
  ""답변 4""]
으로 해야 합니다.

이제 새로운 제시문을 보여드리겠습니다.

""유행은 누구나 가는 길로 가려는 모방 욕구와 자신을 표현하고 싶은 개성 욕구를 동시에 충족시켜주는 매우 독특한 현상이다.
유행을 따름으로써 자신도 주변 사람들과 똑같이 행동하고 있다는 안도감을 얻으려는 심리, 그리고 다른 사람들과 구별되는 만족감을 얻으려는 심리가 복합적으로 얽혀 있는 것이다.
남을 따르고자 하는 욕구나 소망이 결여되는 경우, 아니면 반대로 개성을 드러내려는 욕구가 결여되는 경우 유행의 영역은 더 이상 존재하지 않게 된다.
예를 들면, 모든 개인이 제각각 특수한 존재가 되려 하고 모방을 기피하는 집단에서는 유행이 발생하지 않는다.
1390년경 피렌체에서 남성 복장의 뚜렷한 유행이 존재하지 않았던 이유는 모두가 각자 독특한 방식으로 차려입고자 했기 때문이다.
반면에 유행이 전체를 지배하게 되면, 즉 처음에는 몇몇 사람이 주도했던 일을 예외 없이 모두가 따라 하게 되면, 그것이 옷이든 음악이든 더 이상 유행이라고 부르지 않는다.
유행은 결코 현재 상태에 머물지 않으며 부단히 진행된다.

다른 관점에서는, 옛것이나 선조를 추종하는 경향이 관습의 시대를 지배했다면, 새로운 것을 숭배하고 동시대인들을 모방하려는 경향이 유행의 시대를 특징 짓는다.
이제 사람들은 선조를 닮으려고 하기보다는, 주위 사람들을 닮으려 한다는 것이다.
변화에 대한 애정과 동시대인들에 대한 모방이 유행의 시대를 이끄는 두 가지 중요한 원리이다.
이 원리들에는 선조의 유산을 평가 절하하고 현재의 규범을 중요시하려는 경향이 동반된다.
옛것은 더 이상 존경해야 하는 것으로 여겨지지 않는다.
사람들은 끊임없이 새것을 탐닉하며, 같은 시대에 사는 사람들을 따라 한다.
예를 들면, 근대 유럽의 상류사회는 변화에 대한 열정에 사로잡혀 있었다.
그 열정은 최신 발명품과 이국적 문물에 대한 열망으로 타올랐다. 이탈리아, 스페인, 프랑스가 선도하는 유행을 다른 국가의 상류층 사람들이 앞다퉈 모방하였다.
그들은 새로운 것이면 무엇이든지 뒤쫓아가려고 했고, 가장 최근에 생겨난 변화를 받아들이고자 했다.
중하층 사람들은 다시 상류층의 유행을 모방하였다. 유행은 이런 식으로 사회 전체에 확산하였고, 언제나 새로운 것이 나타날 때마다 그것을 추종하는 상류층에 의해 계속해서 변화하였다.

한편,사람은 사회적인 존재이기 때문에 지위나 역할이 달라지면 자연히 거기에 맞는 행동양식을 하게 된다. 그 행동양식 가운데 하나가 언어 사용이다.
가령,‘엄마, 아빠’와 같은 말은 어린이들의 말이고,‘자네, 댁’과 같은 단어는 어른들의 말이라는 것도 나이에 따른 사회적 행동 양식이 반영된 것이라고 할 수 있다.
이런‘연령 단계’에 의한 언어 차이 외에도, 기성세대와 신세대, 또는 노년층 세대와 청소년층 세대처럼 ‘세대 차이’에 의한 언어 차이도 있을 수 있다.
젊은 세대는 대체로 기성세대와 비교해 볼 때 유행에 민감하고 새로운 변화를 쉽게 받아들인다.
언어에서도 젊은 세대의 이런 특성이 반영된다. 젊은 세대는 ‘반모’(반말 모드), ‘인싸’(무리에 잘 어울려 지내는 사람, 영어 ‘insider’의 의미) 등과 같은 유행어와 신조어를 만드는 주축으로, 대부분의 유행어와 신조어는 자신의 독특한 개성을 표출하려는 젊은 세대를 중심으로 사용된다.
이러한 언어의 유행 현상은 세대 변화에 따른 것이다.""

                ","질문 1: 유행은 누구의 욕구나 취향에 의해 형성되는지 설명하시오?
답변 1: 유행은 주로 선조의 유산을 평가 절하하고 현재의 규범을 중요시하려는 성향을 가진 사람들의 욕구나 취향에 의해 형성된다. 이는 변화를 위한 애정과 동시대인들을 모방하려는 성격의 원리와 함께 이루어진다.

질문 2: 왜 사람들은 유행에 대해 쉽게 매료되는지 설명하시오?
답변 2: 사람들은 유행에 대해 쉽게 매료되는 이유는 변화에도 대한 열정과 동시대인들에 대한 모방이 우리의 마음을 사로잡기 때문이다. 유행은 새로운 것을 탐닉하고, 어떤 것이 유행을 이루게 하는 것이 주목받으며, 이를 따라하기 때문이다.

질문 3: 어떤 요인들이 유행의 형태를 형성하는지를 설명하시오?
답변 3: 유행의 형태는 크게 세 가지 요인에 의해 형성된다. 첫째, 선조의 유산을 평가 절하하고 현재의 규범을 중요시 하는 성향이 주된 역할을 한다. 둘째, 새로운 것을 탐닉하는 열정과 동시대인들을 모방하려는 성격이 함께 이루어진다. 마지막으로, 사람들은 언어 사용과 같은 사회적인 행동 양식에도 영향을 받기 때문에, 유행이 어떻게 전파되는지에 대한 요소도 있다.

질문 4: 왜 유행은 지속적으로 변화하는지 설명하시오?
답변 4: 유행은 계속해서 변한다. 이유는 기존의 유행이 지루해지면, 사람들은 새로운 것을 찾게 되고, 어떤 것이 유행을 이끌어내느냐에 따라 변화가 일어난다. 또한, 대중들이 어떤 것을 유행으로 삼으면, 그 것은 더 이상 유행이 아니게 된다. 따라서, 유행은 끊임없이 변화하고, 새로운 것으로 대체된다."
4,3,"
Role : ""당신은 대한민국에서 대입 논술 면접 학원을 운영하고 있는 선생님입니다.""
Task : ""당신의 주 업무는 제시문으로부터 새로운 질문을 생성하는 것입니다.
예시 질문을 보여드리겠습니다. 당신은 새로운 제시문이 주어지면, 제시문들의 내용을 파악한 후 이와 유사한 질문을 생성합니다.
모든 질문은 반드시 ""~하시오""의 어투로 생성해야 합니다.""

Format :
""환경정책을 수립할 때 유념해야 할 점에 대한, 글에서의 서로 다른 입장을 비교하시오."",
""글에 등장하는 화자들이 자신의 입장을 각각 어떻게 변호할지 논하시오."",
""제시문의 첫 단락과 마지막 단락에서의 주장의 차이점과 공통점을 설명하시오."",
""글에서 등장하는 화자들의 주장의 차이점과 공통점을 설명하시오.""
","다음 제시문을 보고, 질문과 답변 세트를 3개 생성해야 합니다. 다른 불필요한 문장은 모두 삭제해 주세요.
질문과 답변은 모두 한국어로, 1~2문장으로 구성해주세요.
각 질문들은 서로 다른 형태와 내용으로, 겹치지 않아야 합니다. 질문 부분에는 질문 자체만 생성해주세요.
모든 질문은 반드시 ""~하시오""의 어투로 생성해야 합니다.

생성 형식은

  [""질문 1""
  ""답변 1""
  ""질문 2""
  ""답변 2""
  ""질문 3""
  ""답변 3""]
으로 해야 합니다.

이제 새로운 제시문을 보여드리겠습니다.

""유행은 누구나 가는 길로 가려는 모방 욕구와 자신을 표현하고 싶은 개성 욕구를 동시에 충족시켜주는 매우 독특한 현상이다.
유행을 따름으로써 자신도 주변 사람들과 똑같이 행동하고 있다는 안도감을 얻으려는 심리, 그리고 다른 사람들과 구별되는 만족감을 얻으려는 심리가 복합적으로 얽혀 있는 것이다.
남을 따르고자 하는 욕구나 소망이 결여되는 경우, 아니면 반대로 개성을 드러내려는 욕구가 결여되는 경우 유행의 영역은 더 이상 존재하지 않게 된다.
예를 들면, 모든 개인이 제각각 특수한 존재가 되려 하고 모방을 기피하는 집단에서는 유행이 발생하지 않는다.
1390년경 피렌체에서 남성 복장의 뚜렷한 유행이 존재하지 않았던 이유는 모두가 각자 독특한 방식으로 차려입고자 했기 때문이다.
반면에 유행이 전체를 지배하게 되면, 즉 처음에는 몇몇 사람이 주도했던 일을 예외 없이 모두가 따라 하게 되면, 그것이 옷이든 음악이든 더 이상 유행이라고 부르지 않는다.
유행은 결코 현재 상태에 머물지 않으며 부단히 진행된다.

다른 관점에서는, 옛것이나 선조를 추종하는 경향이 관습의 시대를 지배했다면, 새로운 것을 숭배하고 동시대인들을 모방하려는 경향이 유행의 시대를 특징 짓는다.
이제 사람들은 선조를 닮으려고 하기보다는, 주위 사람들을 닮으려 한다는 것이다.
변화에 대한 애정과 동시대인들에 대한 모방이 유행의 시대를 이끄는 두 가지 중요한 원리이다.
이 원리들에는 선조의 유산을 평가 절하하고 현재의 규범을 중요시하려는 경향이 동반된다.
옛것은 더 이상 존경해야 하는 것으로 여겨지지 않는다.
사람들은 끊임없이 새것을 탐닉하며, 같은 시대에 사는 사람들을 따라 한다.
예를 들면, 근대 유럽의 상류사회는 변화에 대한 열정에 사로잡혀 있었다.
그 열정은 최신 발명품과 이국적 문물에 대한 열망으로 타올랐다. 이탈리아, 스페인, 프랑스가 선도하는 유행을 다른 국가의 상류층 사람들이 앞다퉈 모방하였다.
그들은 새로운 것이면 무엇이든지 뒤쫓아가려고 했고, 가장 최근에 생겨난 변화를 받아들이고자 했다.
중하층 사람들은 다시 상류층의 유행을 모방하였다. 유행은 이런 식으로 사회 전체에 확산하였고, 언제나 새로운 것이 나타날 때마다 그것을 추종하는 상류층에 의해 계속해서 변화하였다.

한편,사람은 사회적인 존재이기 때문에 지위나 역할이 달라지면 자연히 거기에 맞는 행동양식을 하게 된다. 그 행동양식 가운데 하나가 언어 사용이다.
가령,‘엄마, 아빠’와 같은 말은 어린이들의 말이고,‘자네, 댁’과 같은 단어는 어른들의 말이라는 것도 나이에 따른 사회적 행동 양식이 반영된 것이라고 할 수 있다.
이런‘연령 단계’에 의한 언어 차이 외에도, 기성세대와 신세대, 또는 노년층 세대와 청소년층 세대처럼 ‘세대 차이’에 의한 언어 차이도 있을 수 있다.
젊은 세대는 대체로 기성세대와 비교해 볼 때 유행에 민감하고 새로운 변화를 쉽게 받아들인다.
언어에서도 젊은 세대의 이런 특성이 반영된다. 젊은 세대는 ‘반모’(반말 모드), ‘인싸’(무리에 잘 어울려 지내는 사람, 영어 ‘insider’의 의미) 등과 같은 유행어와 신조어를 만드는 주축으로, 대부분의 유행어와 신조어는 자신의 독특한 개성을 표출하려는 젊은 세대를 중심으로 사용된다.
이러한 언어의 유행 현상은 세대 변화에 따른 것이다.""

                ","질문 1: 유행은 누구를 따라가는 것이 아니라, 누구를 모방하는 것이 아니라는 주장과 그 이유를 설명하시오.
답변 1: 유행이 하는 것은 바로 모방이다. 유행은 어떤 행동이나 의상이 대중에게 퍼져 큰 인기를 끌게 될 때 사용하는 단어이다. 따라서, 유행을 따르기 위해서는 다른 사람들의 행동을 따라야 하기 때문이다. 그러나, 이를 단순히 따라가는 것만으로 유행을 따를 수 있다. 오히려, 모방 욕구가 더욱 강할 때는 그 대상이 되는 사람들로부터 거리가 멀어지기 때문에, 유능하게 모방하여 더 큰 인기를 얻을 수도 있다. 

질문 2: 어떤 조건에서 유행이 형성되는지 설명하시오.
답변 2: 유행은 크게 세 가지 원리로 형성된다. 첫째는 모방 욕구와 자신을 표현하고 싶은 개성 욕구가 복합적으로 얽혀 있는 것이다. 둘째는 집합체 속에서 스스로의 안도감을 느끼는 심리이다. 이를 통해 사람들은 주변의 사람들과 동일하게 행동하면서, 동시에 자신의 개성을 드러내려고 노력한다. 셋째는 시대에 따라 변함이 있는데, 유행은 원형이나 회전형 등에서 비롯된 변화를 쉽게 수용하고 새로운 것을 선호한다.

질문 3: 왜 유행은 전체적으로 계속해서 변화하는지 설명하시오.
답변 3: 유행이 계속해서 바뀌는 이유는 기존의 규범을 중요시하며, 새로운 것을 탐닉하는 인간의 애정과 동시대인들에 대한 모방이 결합되기 때문이다. 이러한 원리는 시대 변화에 따라 변한다. 예를 들어, 근대 유럽의 상류사회는 변화에 대한 열정에 사로잡혀였다. 이탈리아, 스페인, 프랑스가 선도하는 유행을 다른 국가의 상류층 사람들이 앞다 그랈 모방하였다. 그리고 중하층 사람들은 다시 상류층의 유행을 모방하였다. 이처럼, 새로운 것이 생기면 그것을 따라가는 것이 아니라, 동시대인들과 차별화되는 것을 목표로 하기 때문에, 전체적인 유행은 계속해서 변화하게 된다."
5,5,"
Role : ""당신은 대한민국에서 대입 논술 면접 학원을 운영하고 있는 선생님입니다.""
Task : ""당신의 주 업무는 제시문으로부터 새로운 질문을 생성하는 것입니다.
예시 질문을 보여드리겠습니다. 당신은 새로운 제시문이 주어지면, 제시문들의 내용을 파악한 후 이와 유사한 질문을 생성합니다.
모든 질문은 반드시 ""~하시오""의 어투로 생성해야 합니다.""

Format :
""환경정책을 수립할 때 유념해야 할 점에 대한, 글에서의 서로 다른 입장을 비교하시오."",
""글에 등장하는 화자들이 자신의 입장을 각각 어떻게 변호할지 논하시오."",
""제시문의 첫 단락과 마지막 단락에서의 주장의 차이점과 공통점을 설명하시오."",
""글에서 등장하는 화자들의 주장의 차이점과 공통점을 설명하시오.""
","다음 제시문을 보고, 질문과 답변 세트를 5개 생성해야 합니다. 다른 불필요한 문장은 모두 삭제해 주세요.
질문과 답변은 모두 한국어로, 1~2문장으로 구성해주세요.
각 질문들은 서로 다른 형태와 내용으로, 겹치지 않아야 합니다. 질문 부분에는 질문 자체만 생성해주세요.
모든 질문은 반드시 ""~하시오""의 어투로 생성해야 합니다.

생성 형식은

  [""질문 1""
  ""답변 1""
  ""질문 2""
  ""답변 2""
  ""질문 3""
  ""답변 3""
  ""질문 4""
  ""답변 4""
  ""질문 5""
  ""답변 5""]
으로 해야 합니다.

이제 새로운 제시문을 보여드리겠습니다.

""유행은 누구나 가는 길로 가려는 모방 욕구와 자신을 표현하고 싶은 개성 욕구를 동시에 충족시켜주는 매우 독특한 현상이다.
유행을 따름으로써 자신도 주변 사람들과 똑같이 행동하고 있다는 안도감을 얻으려는 심리, 그리고 다른 사람들과 구별되는 만족감을 얻으려는 심리가 복합적으로 얽혀 있는 것이다.
남을 따르고자 하는 욕구나 소망이 결여되는 경우, 아니면 반대로 개성을 드러내려는 욕구가 결여되는 경우 유행의 영역은 더 이상 존재하지 않게 된다.
예를 들면, 모든 개인이 제각각 특수한 존재가 되려 하고 모방을 기피하는 집단에서는 유행이 발생하지 않는다.
1390년경 피렌체에서 남성 복장의 뚜렷한 유행이 존재하지 않았던 이유는 모두가 각자 독특한 방식으로 차려입고자 했기 때문이다.
반면에 유행이 전체를 지배하게 되면, 즉 처음에는 몇몇 사람이 주도했던 일을 예외 없이 모두가 따라 하게 되면, 그것이 옷이든 음악이든 더 이상 유행이라고 부르지 않는다.
유행은 결코 현재 상태에 머물지 않으며 부단히 진행된다.

다른 관점에서는, 옛것이나 선조를 추종하는 경향이 관습의 시대를 지배했다면, 새로운 것을 숭배하고 동시대인들을 모방하려는 경향이 유행의 시대를 특징 짓는다.
이제 사람들은 선조를 닮으려고 하기보다는, 주위 사람들을 닮으려 한다는 것이다.
변화에 대한 애정과 동시대인들에 대한 모방이 유행의 시대를 이끄는 두 가지 중요한 원리이다.
이 원리들에는 선조의 유산을 평가 절하하고 현재의 규범을 중요시하려는 경향이 동반된다.
옛것은 더 이상 존경해야 하는 것으로 여겨지지 않는다.
사람들은 끊임없이 새것을 탐닉하며, 같은 시대에 사는 사람들을 따라 한다.
예를 들면, 근대 유럽의 상류사회는 변화에 대한 열정에 사로잡혀 있었다.
그 열정은 최신 발명품과 이국적 문물에 대한 열망으로 타올랐다. 이탈리아, 스페인, 프랑스가 선도하는 유행을 다른 국가의 상류층 사람들이 앞다퉈 모방하였다.
그들은 새로운 것이면 무엇이든지 뒤쫓아가려고 했고, 가장 최근에 생겨난 변화를 받아들이고자 했다.
중하층 사람들은 다시 상류층의 유행을 모방하였다. 유행은 이런 식으로 사회 전체에 확산하였고, 언제나 새로운 것이 나타날 때마다 그것을 추종하는 상류층에 의해 계속해서 변화하였다.

한편,사람은 사회적인 존재이기 때문에 지위나 역할이 달라지면 자연히 거기에 맞는 행동양식을 하게 된다. 그 행동양식 가운데 하나가 언어 사용이다.
가령,‘엄마, 아빠’와 같은 말은 어린이들의 말이고,‘자네, 댁’과 같은 단어는 어른들의 말이라는 것도 나이에 따른 사회적 행동 양식이 반영된 것이라고 할 수 있다.
이런‘연령 단계’에 의한 언어 차이 외에도, 기성세대와 신세대, 또는 노년층 세대와 청소년층 세대처럼 ‘세대 차이’에 의한 언어 차이도 있을 수 있다.
젊은 세대는 대체로 기성세대와 비교해 볼 때 유행에 민감하고 새로운 변화를 쉽게 받아들인다.
언어에서도 젊은 세대의 이런 특성이 반영된다. 젊은 세대는 ‘반모’(반말 모드), ‘인싸’(무리에 잘 어울려 지내는 사람, 영어 ‘insider’의 의미) 등과 같은 유행어와 신조어를 만드는 주축으로, 대부분의 유행어와 신조어는 자신의 독특한 개성을 표출하려는 젊은 세대를 중심으로 사용된다.
이러한 언어의 유행 현상은 세대 변화에 따른 것이다.""

                ","질문 1: 유념해야 할 점에 대한, 글에서 언급된 두 가지 다른 입장을 비교하십시오.
답변 1: 제시문에서는 유행이 어떤 현상인지 설명하고, 이를 따라 사람들의 행동 양식이 어떻게 형성되는지 설명했습니다. 또한, 유행이 왜 변화하고, 어떤 것들이 유행으로부터 벗어나게 되는지도 다루었습니다. 

질문 2: 글에 나오는 화자들이 자신의 입장을 각각 어떻게 옹호하는지 논하십시오.
답변 2: 제시문에서는 일부 인물들이 자신의 유행을 추구하기 위해 어떤 행동을 하는 것이 설명되었습니다. 예를 들어, 피렌체에서 남성 복장의 뚜렷한 유행이 존재하지 않았던 이유는 모든 이들이 각자 독특한 방식으로 차려입기를 원했기 때문입니다. 

질문 3: 제시문의 첫 번째 단락과 마지막 단락에서의 주장의 차이점과 공통점을 설명하십시오.
답변 3: 제시문의 첫 번째 단락에서는 유행이 어떤 현상인지 설명하며, 마지막 단락에서는 유행이 왜 변화하고 어떤 것들이 유행으로부터 벗어나게 되는지 설명했습니다. 두 단락 모두 유행과 관련된 내용을 다루고 있지만, 첫 번째 단락에서는 유행을 어떻게 형성되는지 초점을 맞추고, 마지막 단락에서는 유행이 어떻게 변해가는지를 주목합니다.

질문 4: 글에서 등장하는 화자들의 주장의 차이점과 공통점을 설명하십시오.
답변 4: 제시문에서는 여러 인물들이 다양한 이유로 유행을 따르는 행동 양식을 가지고 있습니다. 예를 들어, 피렌체에서는 남성 복장의 고유한 유행이 존재하지 않았으며, 이후 프랑스와 이탈리아를 비롯한 다른 나라에서도 유행이 확산되었습니다. 이때, 각 나라의 상류층이 새로운 것을 가장 먼저 따랐고, 중하층 사람들은 상류층의 유행을 모방했습니다. 

질문 5: 언어 사용에서 세대 차이가 어떻게 나타나는지 설명하십시오.
답변 5: 제시문에서는 언어 사용에서도 세대 차이가 나타나는 것으로 언급되었습니다. 예를 들어, 어린 아이들은 어린이들의 말로 ‘엄마, 아빠’와 같은 말을 사용하고, 어른들은 성인 말로 ‘자네, 댁’과 같은 단어를 사용합니다. 또한, 오래된 세대는 유행에 민감하고 새로운 변화를 쉽게 받아들이는 경향이 있으며, 이에 따라 언어에서도 새로운 유행어와 신조어가 주로 사용됩니다."
6,3,"
Role : ""당신은 대한민국에서 대입 논술 면접 학원을 운영하고 있는 선생님입니다.""
Task : ""당신의 주 업무는 제시문으로부터 새로운 질문을 생성하는 것입니다.
예시 질문을 보여드리겠습니다. 당신은 새로운 제시문이 주어지면, 제시문들의 내용을 파악한 후 이와 유사한 질문을 생성합니다.
모든 질문은 반드시 ""~하시오""의 어투로 생성해야 합니다.""

Format :
""환경정책을 수립할 때 유념해야 할 점에 대한, 글에서의 서로 다른 입장을 비교하시오."",
""글에 등장하는 화자들이 자신의 입장을 각각 어떻게 변호할지 논하시오."",
""제시문의 첫 단락과 마지막 단락에서의 주장의 차이점과 공통점을 설명하시오."",
""글에서 등장하는 화자들의 주장의 차이점과 공통점을 설명하시오.""
","다음 제시문을 보고, 질문과 답변 세트를 3개 생성해야 합니다. 다른 불필요한 문장은 모두 삭제해 주세요.
질문과 답변은 모두 한국어로, 1~2문장으로 구성해주세요.
각 질문들은 서로 다른 형태와 내용으로, 겹치지 않아야 합니다. 질문 부분에는 질문 자체만 생성해주세요.
모든 질문은 반드시 ""~하시오""의 어투로 생성해야 합니다.

생성 형식은

  [""질문 1""
  ""답변 1""
  ""질문 2""
  ""답변 2""
  ""질문 3""
  ""답변 3""]
으로 해야 합니다.

이제 새로운 제시문을 보여드리겠습니다.

""유행은 누구나 가는 길로 가려는 모방 욕구와 자신을 표현하고 싶은 개성 욕구를 동시에 충족시켜주는 매우 독특한 현상이다.
유행을 따름으로써 자신도 주변 사람들과 똑같이 행동하고 있다는 안도감을 얻으려는 심리, 그리고 다른 사람들과 구별되는 만족감을 얻으려는 심리가 복합적으로 얽혀 있는 것이다.
남을 따르고자 하는 욕구나 소망이 결여되는 경우, 아니면 반대로 개성을 드러내려는 욕구가 결여되는 경우 유행의 영역은 더 이상 존재하지 않게 된다.
예를 들면, 모든 개인이 제각각 특수한 존재가 되려 하고 모방을 기피하는 집단에서는 유행이 발생하지 않는다.
1390년경 피렌체에서 남성 복장의 뚜렷한 유행이 존재하지 않았던 이유는 모두가 각자 독특한 방식으로 차려입고자 했기 때문이다.
반면에 유행이 전체를 지배하게 되면, 즉 처음에는 몇몇 사람이 주도했던 일을 예외 없이 모두가 따라 하게 되면, 그것이 옷이든 음악이든 더 이상 유행이라고 부르지 않는다.
유행은 결코 현재 상태에 머물지 않으며 부단히 진행된다.

다른 관점에서는, 옛것이나 선조를 추종하는 경향이 관습의 시대를 지배했다면, 새로운 것을 숭배하고 동시대인들을 모방하려는 경향이 유행의 시대를 특징 짓는다.
이제 사람들은 선조를 닮으려고 하기보다는, 주위 사람들을 닮으려 한다는 것이다.
변화에 대한 애정과 동시대인들에 대한 모방이 유행의 시대를 이끄는 두 가지 중요한 원리이다.
이 원리들에는 선조의 유산을 평가 절하하고 현재의 규범을 중요시하려는 경향이 동반된다.
옛것은 더 이상 존경해야 하는 것으로 여겨지지 않는다.
사람들은 끊임없이 새것을 탐닉하며, 같은 시대에 사는 사람들을 따라 한다.
예를 들면, 근대 유럽의 상류사회는 변화에 대한 열정에 사로잡혀 있었다.
그 열정은 최신 발명품과 이국적 문물에 대한 열망으로 타올랐다. 이탈리아, 스페인, 프랑스가 선도하는 유행을 다른 국가의 상류층 사람들이 앞다퉈 모방하였다.
그들은 새로운 것이면 무엇이든지 뒤쫓아가려고 했고, 가장 최근에 생겨난 변화를 받아들이고자 했다.
중하층 사람들은 다시 상류층의 유행을 모방하였다. 유행은 이런 식으로 사회 전체에 확산하였고, 언제나 새로운 것이 나타날 때마다 그것을 추종하는 상류층에 의해 계속해서 변화하였다.

한편,사람은 사회적인 존재이기 때문에 지위나 역할이 달라지면 자연히 거기에 맞는 행동양식을 하게 된다. 그 행동양식 가운데 하나가 언어 사용이다.
가령,‘엄마, 아빠’와 같은 말은 어린이들의 말이고,‘자네, 댁’과 같은 단어는 어른들의 말이라는 것도 나이에 따른 사회적 행동 양식이 반영된 것이라고 할 수 있다.
이런‘연령 단계’에 의한 언어 차이 외에도, 기성세대와 신세대, 또는 노년층 세대와 청소년층 세대처럼 ‘세대 차이’에 의한 언어 차이도 있을 수 있다.
젊은 세대는 대체로 기성세대와 비교해 볼 때 유행에 민감하고 새로운 변화를 쉽게 받아들인다.
언어에서도 젊은 세대의 이런 특성이 반영된다. 젊은 세대는 ‘반모’(반말 모드), ‘인싸’(무리에 잘 어울려 지내는 사람, 영어 ‘insider’의 의미) 등과 같은 유행어와 신조어를 만드는 주축으로, 대부분의 유행어와 신조어는 자신의 독특한 개성을 표출하려는 젊은 세대를 중심으로 사용된다.
이러한 언어의 유행 현상은 세대 변화에 따른 것이다.""

                ","질문 1: 유행은 누구를 따라가는 것이 아니라, 누구를 모방하는 것이냐?
답변 1: 유행은 바로 주변 사람들과 비슷하게 행동하고 싶은 욕구와 자신을 표현하고 싶은 성격 욕구가 복합적으로 얽혀 있는 것입니다. 따라서, 유행을 따른다는 것은 다른 사람들과 같게 행동하고, 그들로부터 인정받고자 하는 욕구를 충족시키는 것입니다.

질문 2: 왜은 모든 개인이 제각각 특수한 존재가 되고 싶어하는 것이 유행의 영역에 속하는 이유가 아닌가요?
답변 2: 모든 개인이 제각각 특수한 that 되고 싶어하는 것은 원래 유행의 대상이 아닙니다. 유행은 바로 주변 사람들과 비슷하게 행동하고 싶은 욕구와 자신을 표현하고 싶은 성격 욕구가 복합적으로 얽혀 있는 것입니다. 따라서, 이러한 욕구가 부족하면 유행의 영역에서는 찾을 수 없습니다.

질문 3: 왜은 유행이 넘어갈 때, 기존의 규범을 중요시하는 경향이 항상 따르나요?
답변 3: 유행이 넘어갈 때, 기존의 규범을 중요시하는 이는 사람들이 변화를 쉽게 받아들일 수 있도록 해주기 때문입니다. 오래된 규범에 대한 존중과 동시대인들에 대한 모반이 이 원리들을 형성합니다. 이러한 원리들은 변화로 인한 불안감을 줄여주고, 새로운 것을 수용하는 태도를 만들어냅니다."""
7,3,"
Role : ""당신은 대한민국에서 대입 논술 면접 학원을 운영하고 있는 선생님입니다.""
Task : ""당신의 주 업무는 제시문으로부터 새로운 질문을 생성하는 것입니다.
예시 질문을 보여드리겠습니다. 당신은 새로운 제시문이 주어지면, 제시문들의 내용을 파악한 후 이와 유사한 질문을 생성합니다.
모든 질문은 반드시 ""~하시오""의 어투로 생성해야 합니다.""

Format :
""환경정책을 수립할 때 유념해야 할 점에 대한, 글에서의 서로 다른 입장을 비교하시오."",
""글에 등장하는 화자들이 자신의 입장을 각각 어떻게 변호할지 논하시오."",
""제시문의 첫 단락과 마지막 단락에서의 주장의 차이점과 공통점을 설명하시오."",
""글에서 등장하는 화자들의 주장의 차이점과 공통점을 설명하시오.""
","다음 제시문을 보고, 질문과 답변 세트를 3개 생성해야 합니다. 다른 불필요한 문장은 모두 삭제해 주세요.
질문과 답변은 모두 한국어로, 1~2문장으로 구성해주세요.
각 질문들은 서로 다른 형태와 내용으로, 겹치지 않아야 합니다. 질문 부분에는 질문 자체만 생성해주세요.
모든 질문은 반드시 ""~하시오""의 어투로 생성해야 합니다.

생성 형식은

  [""질문 1""
  ""답변 1""
  ""질문 2""
  ""답변 2""
  ""질문 3""
  ""답변 3""]
으로 해야 합니다.

이제 새로운 제시문을 보여드리겠습니다.

""유행은 누구나 가는 길로 가려는 모방 욕구와 자신을 표현하고 싶은 개성 욕구를 동시에 충족시켜주는 매우 독특한 현상이다.
유행을 따름으로써 자신도 주변 사람들과 똑같이 행동하고 있다는 안도감을 얻으려는 심리, 그리고 다른 사람들과 구별되는 만족감을 얻으려는 심리가 복합적으로 얽혀 있는 것이다.
남을 따르고자 하는 욕구나 소망이 결여되는 경우, 아니면 반대로 개성을 드러내려는 욕구가 결여되는 경우 유행의 영역은 더 이상 존재하지 않게 된다.
예를 들면, 모든 개인이 제각각 특수한 존재가 되려 하고 모방을 기피하는 집단에서는 유행이 발생하지 않는다.
1390년경 피렌체에서 남성 복장의 뚜렷한 유행이 존재하지 않았던 이유는 모두가 각자 독특한 방식으로 차려입고자 했기 때문이다.
반면에 유행이 전체를 지배하게 되면, 즉 처음에는 몇몇 사람이 주도했던 일을 예외 없이 모두가 따라 하게 되면, 그것이 옷이든 음악이든 더 이상 유행이라고 부르지 않는다.
유행은 결코 현재 상태에 머물지 않으며 부단히 진행된다.

다른 관점에서는, 옛것이나 선조를 추종하는 경향이 관습의 시대를 지배했다면, 새로운 것을 숭배하고 동시대인들을 모방하려는 경향이 유행의 시대를 특징 짓는다.
이제 사람들은 선조를 닮으려고 하기보다는, 주위 사람들을 닮으려 한다는 것이다.
변화에 대한 애정과 동시대인들에 대한 모방이 유행의 시대를 이끄는 두 가지 중요한 원리이다.
이 원리들에는 선조의 유산을 평가 절하하고 현재의 규범을 중요시하려는 경향이 동반된다.
옛것은 더 이상 존경해야 하는 것으로 여겨지지 않는다.
사람들은 끊임없이 새것을 탐닉하며, 같은 시대에 사는 사람들을 따라 한다.
예를 들면, 근대 유럽의 상류사회는 변화에 대한 열정에 사로잡혀 있었다.
그 열정은 최신 발명품과 이국적 문물에 대한 열망으로 타올랐다. 이탈리아, 스페인, 프랑스가 선도하는 유행을 다른 국가의 상류층 사람들이 앞다퉈 모방하였다.
그들은 새로운 것이면 무엇이든지 뒤쫓아가려고 했고, 가장 최근에 생겨난 변화를 받아들이고자 했다.
중하층 사람들은 다시 상류층의 유행을 모방하였다. 유행은 이런 식으로 사회 전체에 확산하였고, 언제나 새로운 것이 나타날 때마다 그것을 추종하는 상류층에 의해 계속해서 변화하였다.

한편,사람은 사회적인 존재이기 때문에 지위나 역할이 달라지면 자연히 거기에 맞는 행동양식을 하게 된다. 그 행동양식 가운데 하나가 언어 사용이다.
가령,‘엄마, 아빠’와 같은 말은 어린이들의 말이고,‘자네, 댁’과 같은 단어는 어른들의 말이라는 것도 나이에 따른 사회적 행동 양식이 반영된 것이라고 할 수 있다.
이런‘연령 단계’에 의한 언어 차이 외에도, 기성세대와 신세대, 또는 노년층 세대와 청소년층 세대처럼 ‘세대 차이’에 의한 언어 차이도 있을 수 있다.
젊은 세대는 대체로 기성세대와 비교해 볼 때 유행에 민감하고 새로운 변화를 쉽게 받아들인다.
언어에서도 젊은 세대의 이런 특성이 반영된다. 젊은 세대는 ‘반모’(반말 모드), ‘인싸’(무리에 잘 어울려 지내는 사람, 영어 ‘insider’의 의미) 등과 같은 유행어와 신조어를 만드는 주축으로, 대부분의 유행어와 신조어는 자신의 독특한 개성을 표출하려는 젊은 세대를 중심으로 사용된다.
이러한 언어의 유행 현상은 세대 변화에 따른 것이다.""

                ","질문 1: 유행은 누구를 따라가는 것이 아니라, 누구를 모방하는 것이냐?
답변 1: 유행은 바로 주변 사람들과 비슷하게 행동하고 싶어서 만든 것입니다. 따라서, 유행을 따르는 것은 자신의 개성을 포기하는 것과 같습니다.

질문 2: 왜 유행이 중요한가요?
답변 2: 유행은 사람들이 서로의 개인성과 구별되는 것을 중요시 하기 때문입니다. 유행을 따라하면 자신들만의 독창성을 나타내는데 이는 그들이 누구를 모방하는지에 대한 흥미와 관련이 있습니다.

질문 3: 어떤 조건에서 유행이 형성될까요?
답변 3: 유행은 변화하고 있으며, 새로운 것이 항상 나오게 됩니다. 이러한 변화에 대한 애정과 동시대인들을 모방하려는 경향이 유행의 시기를 이끌게 됩니다. 또한, 선조를 따라가는 경향도 있지만, 지금은 주위 사람들을 닮으려 하는 경향이 더 강합니다."
8,3,"
Role : ""당신은 대한민국에서 대입 논술 면접 학원을 운영하고 있는 선생님입니다.""
Task : ""당신의 주 업무는 제시문으로부터 새로운 질문을 생성하는 것입니다.
예시 질문을 보여드리겠습니다. 당신은 새로운 제시문이 주어지면, 제시문들의 내용을 파악한 후 이와 유사한 질문을 생성합니다.
모든 질문은 반드시 ""~하시오""의 어투로 생성해야 합니다.""

Format :
""환경정책을 수립할 때 유념해야 할 점에 대한, 글에서의 서로 다른 입장을 비교하시오."",
""글에 등장하는 화자들이 자신의 입장을 각각 어떻게 변호할지 논하시오."",
""제시문의 첫 단락과 마지막 단락에서의 주장의 차이점과 공통점을 설명하시오."",
""글에서 등장하는 화자들의 주장의 차이점과 공통점을 설명하시오.""
","다음 제시문을 보고, 질문과 답변 세트를 3개 생성해야 합니다. 다른 불필요한 문장은 모두 삭제해 주세요.
질문과 답변은 모두 한국어로, 1~2문장으로 구성해주세요.
각 질문들은 서로 다른 형태와 내용으로, 겹치지 않아야 합니다. 질문 부분에는 질문 자체만 생성해주세요.
모든 질문은 반드시 ""~하시오""의 어투로 생성해야 합니다.

생성 형식은

  [""질문 1""
  ""답변 1""
  ""질문 2""
  ""답변 2""
  ""질문 3""
  ""답변 3""]
으로 해야 합니다.

이제 새로운 제시문을 보여드리겠습니다.

""유행은 누구나 가는 길로 가려는 모방 욕구와 자신을 표현하고 싶은 개성 욕구를 동시에 충족시켜주는 매우 독특한 현상이다.
유행을 따름으로써 자신도 주변 사람들과 똑같이 행동하고 있다는 안도감을 얻으려는 심리, 그리고 다른 사람들과 구별되는 만족감을 얻으려는 심리가 복합적으로 얽혀 있는 것이다.
남을 따르고자 하는 욕구나 소망이 결여되는 경우, 아니면 반대로 개성을 드러내려는 욕구가 결여되는 경우 유행의 영역은 더 이상 존재하지 않게 된다.
예를 들면, 모든 개인이 제각각 특수한 존재가 되려 하고 모방을 기피하는 집단에서는 유행이 발생하지 않는다.
1390년경 피렌체에서 남성 복장의 뚜렷한 유행이 존재하지 않았던 이유는 모두가 각자 독특한 방식으로 차려입고자 했기 때문이다.
반면에 유행이 전체를 지배하게 되면, 즉 처음에는 몇몇 사람이 주도했던 일을 예외 없이 모두가 따라 하게 되면, 그것이 옷이든 음악이든 더 이상 유행이라고 부르지 않는다.
유행은 결코 현재 상태에 머물지 않으며 부단히 진행된다.

다른 관점에서는, 옛것이나 선조를 추종하는 경향이 관습의 시대를 지배했다면, 새로운 것을 숭배하고 동시대인들을 모방하려는 경향이 유행의 시대를 특징 짓는다.
이제 사람들은 선조를 닮으려고 하기보다는, 주위 사람들을 닮으려 한다는 것이다.
변화에 대한 애정과 동시대인들에 대한 모방이 유행의 시대를 이끄는 두 가지 중요한 원리이다.
이 원리들에는 선조의 유산을 평가 절하하고 현재의 규범을 중요시하려는 경향이 동반된다.
옛것은 더 이상 존경해야 하는 것으로 여겨지지 않는다.
사람들은 끊임없이 새것을 탐닉하며, 같은 시대에 사는 사람들을 따라 한다.
예를 들면, 근대 유럽의 상류사회는 변화에 대한 열정에 사로잡혀 있었다.
그 열정은 최신 발명품과 이국적 문물에 대한 열망으로 타올랐다. 이탈리아, 스페인, 프랑스가 선도하는 유행을 다른 국가의 상류층 사람들이 앞다퉈 모방하였다.
그들은 새로운 것이면 무엇이든지 뒤쫓아가려고 했고, 가장 최근에 생겨난 변화를 받아들이고자 했다.
중하층 사람들은 다시 상류층의 유행을 모방하였다. 유행은 이런 식으로 사회 전체에 확산하였고, 언제나 새로운 것이 나타날 때마다 그것을 추종하는 상류층에 의해 계속해서 변화하였다.

한편,사람은 사회적인 존재이기 때문에 지위나 역할이 달라지면 자연히 거기에 맞는 행동양식을 하게 된다. 그 행동양식 가운데 하나가 언어 사용이다.
가령,‘엄마, 아빠’와 같은 말은 어린이들의 말이고,‘자네, 댁’과 같은 단어는 어른들의 말이라는 것도 나이에 따른 사회적 행동 양식이 반영된 것이라고 할 수 있다.
이런‘연령 단계’에 의한 언어 차이 외에도, 기성세대와 신세대, 또는 노년층 세대와 청소년층 세대처럼 ‘세대 차이’에 의한 언어 차이도 있을 수 있다.
젊은 세대는 대체로 기성세대와 비교해 볼 때 유행에 민감하고 새로운 변화를 쉽게 받아들인다.
언어에서도 젊은 세대의 이런 특성이 반영된다. 젊은 세대는 ‘반모’(반말 모드), ‘인싸’(무리에 잘 어울려 지내는 사람, 영어 ‘insider’의 의미) 등과 같은 유행어와 신조어를 만드는 주축으로, 대부분의 유행어와 신조어는 자신의 독특한 개성을 표출하려는 젊은 세대를 중심으로 사용된다.
이러한 언어의 유행 현상은 세대 변화에 따른 것이다.""

                ","질문 1: 유념해야 할 점에 대한, 글에서의 서로 다른 입장을 비교하시오.
답변 1: 글에서 언급된 다양한 입장들은 원시종교와 종교개혁 이후의 유럽에서 발생한 것으로 보입니다. 이 당시 사람들의 생활과 사고방식은 현재의 것과 다르기 때문에, 이를 유념하여 비교하는 것이 중요합니다.

질문 2: 제시문에서의 주장이 어떤 내용을 담고 있는지 설명하시오.
답변 2: 제시문은 유행이 누구를 따라가는 경향이 있다는 것을 강조합니다. 사람들은 선조를 따라가는 경향이 있었고, 이후에는 새로운 것을 숭배하며 동시대 사람들을 모방하게 되었습니다. 이러한 원리들은 변화를 추구하는 것과 동시에 규범을 중요시하는 결과로 나타났습니다.

질문 3: 글에서 언급된 여러 관점 중 가장 중요한 두 가지를 설명하시오.
답변 3: 유행의 시기에는 변화에 대한 애정과 동시대인들에 대한 모방이 이끌었습니다. 이러한 원리들은 선조의 유산을 평가 절하하고 현재의 규범을 중요시하려는 결과로 결합되었습니다."
9,5,"
Role : ""당신은 대한민국에서 대입 논술 면접 학원을 운영하고 있는 선생님입니다.""
Task : ""당신의 주 업무는 제시문으로부터 새로운 질문을 생성하는 것입니다.
예시 질문을 보여드리겠습니다. 당신은 새로운 제시문이 주어지면, 제시문들의 내용을 파악한 후 이와 유사한 질문을 생성합니다.
모든 질문은 반드시 ""~하시오""의 어투로 생성해야 합니다.""

Format :
""환경정책을 수립할 때 유념해야 할 점에 대한, 글에서의 서로 다른 입장을 비교하시오."",
""글에 등장하는 화자들이 자신의 입장을 각각 어떻게 변호할지 논하시오."",
""제시문의 첫 단락과 마지막 단락에서의 주장의 차이점과 공통점을 설명하시오."",
""글에서 등장하는 화자들의 주장의 차이점과 공통점을 설명하시오.""
","다음 제시문을 보고, 질문과 답변 세트를 5개 생성해야 합니다. 다른 불필요한 문장은 모두 삭제해 주세요.
질문과 답변은 모두 한국어로, 1~2문장으로 구성해주세요.
각 질문들은 서로 다른 형태와 내용으로, 겹치지 않아야 합니다. 질문 부분에는 질문 자체만 생성해주세요.
모든 질문은 반드시 ""~하시오""의 어투로 생성해야 합니다.

생성 형식은

  [""질문 1""
  ""답변 1""
  ""질문 2""
  ""답변 2""
  ""질문 3""
  ""답변 3""
  ""질문 4""
  ""답변 4""
  ""질문 5""
  ""답변 5""]
으로 해야 합니다.

이제 새로운 제시문을 보여드리겠습니다.

""유행은 누구나 가는 길로 가려는 모방 욕구와 자신을 표현하고 싶은 개성 욕구를 동시에 충족시켜주는 매우 독특한 현상이다.
유행을 따름으로써 자신도 주변 사람들과 똑같이 행동하고 있다는 안도감을 얻으려는 심리, 그리고 다른 사람들과 구별되는 만족감을 얻으려는 심리가 복합적으로 얽혀 있는 것이다.
남을 따르고자 하는 욕구나 소망이 결여되는 경우, 아니면 반대로 개성을 드러내려는 욕구가 결여되는 경우 유행의 영역은 더 이상 존재하지 않게 된다.
예를 들면, 모든 개인이 제각각 특수한 존재가 되려 하고 모방을 기피하는 집단에서는 유행이 발생하지 않는다.
1390년경 피렌체에서 남성 복장의 뚜렷한 유행이 존재하지 않았던 이유는 모두가 각자 독특한 방식으로 차려입고자 했기 때문이다.
반면에 유행이 전체를 지배하게 되면, 즉 처음에는 몇몇 사람이 주도했던 일을 예외 없이 모두가 따라 하게 되면, 그것이 옷이든 음악이든 더 이상 유행이라고 부르지 않는다.
유행은 결코 현재 상태에 머물지 않으며 부단히 진행된다.

다른 관점에서는, 옛것이나 선조를 추종하는 경향이 관습의 시대를 지배했다면, 새로운 것을 숭배하고 동시대인들을 모방하려는 경향이 유행의 시대를 특징 짓는다.
이제 사람들은 선조를 닮으려고 하기보다는, 주위 사람들을 닮으려 한다는 것이다.
변화에 대한 애정과 동시대인들에 대한 모방이 유행의 시대를 이끄는 두 가지 중요한 원리이다.
이 원리들에는 선조의 유산을 평가 절하하고 현재의 규범을 중요시하려는 경향이 동반된다.
옛것은 더 이상 존경해야 하는 것으로 여겨지지 않는다.
사람들은 끊임없이 새것을 탐닉하며, 같은 시대에 사는 사람들을 따라 한다.
예를 들면, 근대 유럽의 상류사회는 변화에 대한 열정에 사로잡혀 있었다.
그 열정은 최신 발명품과 이국적 문물에 대한 열망으로 타올랐다. 이탈리아, 스페인, 프랑스가 선도하는 유행을 다른 국가의 상류층 사람들이 앞다퉈 모방하였다.
그들은 새로운 것이면 무엇이든지 뒤쫓아가려고 했고, 가장 최근에 생겨난 변화를 받아들이고자 했다.
중하층 사람들은 다시 상류층의 유행을 모방하였다. 유행은 이런 식으로 사회 전체에 확산하였고, 언제나 새로운 것이 나타날 때마다 그것을 추종하는 상류층에 의해 계속해서 변화하였다.

한편,사람은 사회적인 존재이기 때문에 지위나 역할이 달라지면 자연히 거기에 맞는 행동양식을 하게 된다. 그 행동양식 가운데 하나가 언어 사용이다.
가령,‘엄마, 아빠’와 같은 말은 어린이들의 말이고,‘자네, 댁’과 같은 단어는 어른들의 말이라는 것도 나이에 따른 사회적 행동 양식이 반영된 것이라고 할 수 있다.
이런‘연령 단계’에 의한 언어 차이 외에도, 기성세대와 신세대, 또는 노년층 세대와 청소년층 세대처럼 ‘세대 차이’에 의한 언어 차이도 있을 수 있다.
젊은 세대는 대체로 기성세대와 비교해 볼 때 유행에 민감하고 새로운 변화를 쉽게 받아들인다.
언어에서도 젊은 세대의 이런 특성이 반영된다. 젊은 세대는 ‘반모’(반말 모드), ‘인싸’(무리에 잘 어울려 지내는 사람, 영어 ‘insider’의 의미) 등과 같은 유행어와 신조어를 만드는 주축으로, 대부분의 유행어와 신조어는 자신의 독특한 개성을 표출하려는 젊은 세대를 중심으로 사용된다.
이러한 언어의 유행 현상은 세대 변화에 따른 것이다.""

                ","질문 1: 유행은 누구를 따라가는 것이 아니라, 누구를 모방하는 것이냐?
답변 1: 유행은 바로 주변 사람들과 비슷하게 행동하고 싶은 욕구와 구별되는 만족감을 얻기 위해 이루어지는 것입니다. 따라서, 누구를 따르며 행동하는 것이 아니라, 누구를 모방하여 행동하게 됩니다.

질문 2: 유행이 되는 이유는 어떤 이유가 있는?
답변 2: 유행은 변화에도 대한 애정과 동시대인들에 대한 모방이 주된 원리입니다. 사람들은 새로운 것을 탐닉하며, 같은 시대에 사는 사람들을 따라드립니다. 이는 근대 유럽의 상류사회에서 보듯이, 최신 발명품과 이국적 문물에 대한 열망으로 타올랐다.

질문 3: 언어 사용은 어떻게 세대 변화에 영향을 받나요?
답변 3: 언어 사용 역시 시대 변화 및 세대 변화에 영향을 받습니다. 예를 들어, ‘반모’, ‘인싸’와 같은 유행어와 신조어는 주로 젊은 세대에서 사용되며, 이들이 유행을 이끌어가는 중심축입니다. 이렇게 언어의 유행은 세대 변화에 따른 것입니다.

질문 4: 유행이 생기면 어떻게 확산되나요?
답변 4: 유행은 상류층의 유행을 모방하는 중하층 사람들의 행동으로 시작됩니다. 그리고 이 중하층 사람들이 다시 이를 다른 사람들에게 전파해주면서, 점차적으로 사회 전체에 확산되게 됩니다.

질문 5: 마지막으로, 어떤 현상은 유행의 삶을 가장 강하게 변화시키는?
답변 5: 마지막으로는 대중문화가 발달하면서 생긴 새로운 미디어의 영향력이 가장 강하게 변화시키고 있습니다. 대중문화가 유행에 대한 정보를 전달하며, 유행을 형성하고 확산시키는 역할을 합니다."
10,5,"
Role : ""당신은 대한민국에서 대입 논술 면접 학원을 운영하고 있는 선생님입니다.""
Task : ""당신의 주 업무는 제시문으로부터 새로운 질문을 생성하는 것입니다.
예시 질문을 보여드리겠습니다. 당신은 새로운 제시문이 주어지면, 제시문들의 내용을 파악한 후 이와 유사한 질문을 생성합니다.
모든 질문은 반드시 ""~하시오""의 어투로 생성해야 합니다.""

Format :
""환경정책을 수립할 때 유념해야 할 점에 대한, 글에서의 서로 다른 입장을 비교하시오."",
""글에 등장하는 화자들이 자신의 입장을 각각 어떻게 변호할지 논하시오."",
""제시문의 첫 단락과 마지막 단락에서의 주장의 차이점과 공통점을 설명하시오."",
""글에서 등장하는 화자들의 주장의 차이점과 공통점을 설명하시오.""
","다음 제시문을 보고, 질문과 답변 세트를 5개 생성해야 합니다. 다른 불필요한 문장은 모두 삭제해 주세요.
질문과 답변은 모두 한국어로, 1~2문장으로 구성해주세요.
각 질문들은 서로 다른 형태와 내용으로, 겹치지 않아야 합니다. 질문 부분에는 질문 자체만 생성해주세요.
모든 질문은 반드시 ""~하시오""의 어투로 생성해야 합니다.

생성 형식은

  [""질문 1""
  ""답변 1""
  ""질문 2""
  ""답변 2""
  ""질문 3""
  ""답변 3""
  ""질문 4""
  ""답변 4""
  ""질문 5""
  ""답변 5""]
으로 해야 합니다.

이제 새로운 제시문을 보여드리겠습니다.

""유행은 누구나 가는 길로 가려는 모방 욕구와 자신을 표현하고 싶은 개성 욕구를 동시에 충족시켜주는 매우 독특한 현상이다.
유행을 따름으로써 자신도 주변 사람들과 똑같이 행동하고 있다는 안도감을 얻으려는 심리, 그리고 다른 사람들과 구별되는 만족감을 얻으려는 심리가 복합적으로 얽혀 있는 것이다.
남을 따르고자 하는 욕구나 소망이 결여되는 경우, 아니면 반대로 개성을 드러내려는 욕구가 결여되는 경우 유행의 영역은 더 이상 존재하지 않게 된다.
예를 들면, 모든 개인이 제각각 특수한 존재가 되려 하고 모방을 기피하는 집단에서는 유행이 발생하지 않는다.
1390년경 피렌체에서 남성 복장의 뚜렷한 유행이 존재하지 않았던 이유는 모두가 각자 독특한 방식으로 차려입고자 했기 때문이다.
반면에 유행이 전체를 지배하게 되면, 즉 처음에는 몇몇 사람이 주도했던 일을 예외 없이 모두가 따라 하게 되면, 그것이 옷이든 음악이든 더 이상 유행이라고 부르지 않는다.
유행은 결코 현재 상태에 머물지 않으며 부단히 진행된다.

다른 관점에서는, 옛것이나 선조를 추종하는 경향이 관습의 시대를 지배했다면, 새로운 것을 숭배하고 동시대인들을 모방하려는 경향이 유행의 시대를 특징 짓는다.
이제 사람들은 선조를 닮으려고 하기보다는, 주위 사람들을 닮으려 한다는 것이다.
변화에 대한 애정과 동시대인들에 대한 모방이 유행의 시대를 이끄는 두 가지 중요한 원리이다.
이 원리들에는 선조의 유산을 평가 절하하고 현재의 규범을 중요시하려는 경향이 동반된다.
옛것은 더 이상 존경해야 하는 것으로 여겨지지 않는다.
사람들은 끊임없이 새것을 탐닉하며, 같은 시대에 사는 사람들을 따라 한다.
예를 들면, 근대 유럽의 상류사회는 변화에 대한 열정에 사로잡혀 있었다.
그 열정은 최신 발명품과 이국적 문물에 대한 열망으로 타올랐다. 이탈리아, 스페인, 프랑스가 선도하는 유행을 다른 국가의 상류층 사람들이 앞다퉈 모방하였다.
그들은 새로운 것이면 무엇이든지 뒤쫓아가려고 했고, 가장 최근에 생겨난 변화를 받아들이고자 했다.
중하층 사람들은 다시 상류층의 유행을 모방하였다. 유행은 이런 식으로 사회 전체에 확산하였고, 언제나 새로운 것이 나타날 때마다 그것을 추종하는 상류층에 의해 계속해서 변화하였다.

한편,사람은 사회적인 존재이기 때문에 지위나 역할이 달라지면 자연히 거기에 맞는 행동양식을 하게 된다. 그 행동양식 가운데 하나가 언어 사용이다.
가령,‘엄마, 아빠’와 같은 말은 어린이들의 말이고,‘자네, 댁’과 같은 단어는 어른들의 말이라는 것도 나이에 따른 사회적 행동 양식이 반영된 것이라고 할 수 있다.
이런‘연령 단계’에 의한 언어 차이 외에도, 기성세대와 신세대, 또는 노년층 세대와 청소년층 세대처럼 ‘세대 차이’에 의한 언어 차이도 있을 수 있다.
젊은 세대는 대체로 기성세대와 비교해 볼 때 유행에 민감하고 새로운 변화를 쉽게 받아들인다.
언어에서도 젊은 세대의 이런 특성이 반영된다. 젊은 세대는 ‘반모’(반말 모드), ‘인싸’(무리에 잘 어울려 지내는 사람, 영어 ‘insider’의 의미) 등과 같은 유행어와 신조어를 만드는 주축으로, 대부분의 유행어와 신조어는 자신의 독특한 개성을 표출하려는 젊은 세대를 중심으로 사용된다.
이러한 언어의 유행 현상은 세대 변화에 따른 것이다.""

                ","질문 1: 유행은 누구를 따라가는 것이 아니라, 누구를 모방하는 것이냐?
답변 1: 유행은 바로 주변 사람들과 비슷하게 행동하고 싶은 욕구와 자신을 표현하고 싶은 성격 욕구가 복합적으로 얽혀 있는 것입니다. 따라서, 유행을 따른다는 것은 다른 사람들과 비슷하게 행동하고, 그들보다 더 잘 보여지기 위한 노력이 필요하다는 것을 의미합니다.

질문 2: 유행이 나타나면 어떤 현상이 일어나는 건가요?
답변 2: 유행이 나타나면 많은 사람들이 그 유행을 따라하게 됩니다. 이는 자신들을 다른 사람들과 차별화시키고, 자아표현하기를 바라는 욕구에서 비롯됩니다. 그러나 유행이 지나치게 확산되면, 그 유행을 따르는 것이 더이상 유행이 아닌 것으로 여겨지게 됩니다.

질문 3: 유행이 왜 변화하지 않는다고 말하는 건가요?
답변 3: 유행은 결코 현재 상태에 머물지 않습니다. 유행은 계속해서 변화하고, 새로운 유행이 등장하면서 이전 유행은 사라지게 됩니다. 이러한 변화는 열정과 새로운 것들이 항상 생겨나기 때문입니다.

질문 4: 왜 사람들은 유행에 대해 열중할까요?
답변 4: 사람들은 유행에 대해 열중하는 이유는 변화하고 새로운 것에 대한 애정과 동시대인들에 대한 모방이 결합되기 때문입니다. 또한, 유행을 따라함으로써 스스로에게 인정과 만족감을 얻을 수 있기 때문에 열렬하게 따르게 됩니다.

질문 5: 어떤 요인들이 유행의 현상을 유발시키나요?
답변 5: 유행의 현상은 크게 세 가지 원리로 설명될 수 있습니다. 첫째, 선조를 따르는 전통적인 형태가 있으며, 이를 모방하려는 경향이 있습니다. 둘째, 동시대인들과 비교하여 자기들을 차별화하고, 그들보다 더 잘 보여지기 위해 노력하는 것이 있습니다. 마지막으로, 새로 등장한 것에 대한 열정과 새로운 것을 따르는 욕구가 있기 때문입니다. 이러한 원인들이 유행의 현상을 유발시키는 것입니다."
11,5,"
Role : ""당신은 대한민국에서 대입 논술 면접 학원을 운영하고 있는 선생님입니다.""
Task : ""당신의 주 업무는 제시문으로부터 새로운 질문을 생성하는 것입니다.
예시 질문을 보여드리겠습니다. 당신은 새로운 제시문이 주어지면, 제시문들의 내용을 파악한 후 이와 유사한 질문을 생성합니다.
모든 질문은 반드시 ""~하시오""의 어투로 생성해야 합니다.""

Format :
""환경정책을 수립할 때 유념해야 할 점에 대한, 글에서의 서로 다른 입장을 비교하시오."",
""글에 등장하는 화자들이 자신의 입장을 각각 어떻게 변호할지 논하시오."",
""제시문의 첫 단락과 마지막 단락에서의 주장의 차이점과 공통점을 설명하시오."",
""글에서 등장하는 화자들의 주장의 차이점과 공통점을 설명하시오.""
","다음 제시문을 보고, 질문과 답변 세트를 5개 생성해야 합니다. 다른 불필요한 문장은 모두 삭제해 주세요.
질문과 답변은 모두 한국어로, 1~2문장으로 구성해주세요.
각 질문들은 서로 다른 형태와 내용으로, 겹치지 않아야 합니다. 질문 부분에는 질문 자체만 생성해주세요.
모든 질문은 반드시 ""~하시오""의 어투로 생성해야 합니다.

생성 형식은

  [""질문 1""
  ""답변 1""
  ""질문 2""
  ""답변 2""
  ""질문 3""
  ""답변 3""
  ""질문 4""
  ""답변 4""
  ""질문 5""
  ""답변 5""]
으로 해야 합니다.

이제 새로운 제시문을 보여드리겠습니다.

""유행은 누구나 가는 길로 가려는 모방 욕구와 자신을 표현하고 싶은 개성 욕구를 동시에 충족시켜주는 매우 독특한 현상이다.
유행을 따름으로써 자신도 주변 사람들과 똑같이 행동하고 있다는 안도감을 얻으려는 심리, 그리고 다른 사람들과 구별되는 만족감을 얻으려는 심리가 복합적으로 얽혀 있는 것이다.
남을 따르고자 하는 욕구나 소망이 결여되는 경우, 아니면 반대로 개성을 드러내려는 욕구가 결여되는 경우 유행의 영역은 더 이상 존재하지 않게 된다.
예를 들면, 모든 개인이 제각각 특수한 존재가 되려 하고 모방을 기피하는 집단에서는 유행이 발생하지 않는다.
1390년경 피렌체에서 남성 복장의 뚜렷한 유행이 존재하지 않았던 이유는 모두가 각자 독특한 방식으로 차려입고자 했기 때문이다.
반면에 유행이 전체를 지배하게 되면, 즉 처음에는 몇몇 사람이 주도했던 일을 예외 없이 모두가 따라 하게 되면, 그것이 옷이든 음악이든 더 이상 유행이라고 부르지 않는다.
유행은 결코 현재 상태에 머물지 않으며 부단히 진행된다.

다른 관점에서는, 옛것이나 선조를 추종하는 경향이 관습의 시대를 지배했다면, 새로운 것을 숭배하고 동시대인들을 모방하려는 경향이 유행의 시대를 특징 짓는다.
이제 사람들은 선조를 닮으려고 하기보다는, 주위 사람들을 닮으려 한다는 것이다.
변화에 대한 애정과 동시대인들에 대한 모방이 유행의 시대를 이끄는 두 가지 중요한 원리이다.
이 원리들에는 선조의 유산을 평가 절하하고 현재의 규범을 중요시하려는 경향이 동반된다.
옛것은 더 이상 존경해야 하는 것으로 여겨지지 않는다.
사람들은 끊임없이 새것을 탐닉하며, 같은 시대에 사는 사람들을 따라 한다.
예를 들면, 근대 유럽의 상류사회는 변화에 대한 열정에 사로잡혀 있었다.
그 열정은 최신 발명품과 이국적 문물에 대한 열망으로 타올랐다. 이탈리아, 스페인, 프랑스가 선도하는 유행을 다른 국가의 상류층 사람들이 앞다퉈 모방하였다.
그들은 새로운 것이면 무엇이든지 뒤쫓아가려고 했고, 가장 최근에 생겨난 변화를 받아들이고자 했다.
중하층 사람들은 다시 상류층의 유행을 모방하였다. 유행은 이런 식으로 사회 전체에 확산하였고, 언제나 새로운 것이 나타날 때마다 그것을 추종하는 상류층에 의해 계속해서 변화하였다.

한편,사람은 사회적인 존재이기 때문에 지위나 역할이 달라지면 자연히 거기에 맞는 행동양식을 하게 된다. 그 행동양식 가운데 하나가 언어 사용이다.
가령,‘엄마, 아빠’와 같은 말은 어린이들의 말이고,‘자네, 댁’과 같은 단어는 어른들의 말이라는 것도 나이에 따른 사회적 행동 양식이 반영된 것이라고 할 수 있다.
이런‘연령 단계’에 의한 언어 차이 외에도, 기성세대와 신세대, 또는 노년층 세대와 청소년층 세대처럼 ‘세대 차이’에 의한 언어 차이도 있을 수 있다.
젊은 세대는 대체로 기성세대와 비교해 볼 때 유행에 민감하고 새로운 변화를 쉽게 받아들인다.
언어에서도 젊은 세대의 이런 특성이 반영된다. 젊은 세대는 ‘반모’(반말 모드), ‘인싸’(무리에 잘 어울려 지내는 사람, 영어 ‘insider’의 의미) 등과 같은 유행어와 신조어를 만드는 주축으로, 대부분의 유행어와 신조어는 자신의 독특한 개성을 표출하려는 젊은 세대를 중심으로 사용된다.
이러한 언어의 유행 현상은 세대 변화에 따른 것이다.""

                ","질문 1: 유행은 누구를 따라가는 것이 아니라, 누구를 모방하는 것이냐?
답변 1: 유행은 바로 주변 사람들과 비슷하게 행동하고 싶은 욕구와 자신을 표현하고 싶은 개성 욕구가 복합적으로 얽혀 있는 것입니다. 따라서, 유행을 따름으로써 자신이 주변 사람들과 같다는 안도감을 얻고, 동시에 자신의 개성을 뽐내는 만족감을 얻습니다.

질문 2: 왜 유행이 중요한가요?
답변 2: 유행은 누구를 따라가는 것이 아니라, 누구를 모방하는 것이냐. 유행을 따르는 것은 바로 사회적으로 인정받고 동화되기 위한 욕구 때문입니다. 모든 개인이 제각각 특수한 존재가 되고 싶어하는 심리적 요인과 동시에 다른 사람들과 구별되는 만족감을 얻으려는 심리적인 요인이 복합적으로 작용하여 유행이 형성됩니다.

질문 3: 어떤 조건에서 유행이 형성될까요?
답변 3: 유행은 변화에도 민감하며, 새로운 것이 생길 때마다 그것을 따라가는 경향이 있습니다. 그리고 이런 변화에 대한 애정과 동시대인들에 대한 모방이 유행의 시기를 이끌게 됩니다. 이는 선조를 따르는 것이 아니라, 동시대 사람들을 따라가는 것이 유행을 이끌어내는 원리입니다.

질문 4: 왜 사람들은 유행에 대해 민감하게 반응하는지?
답변 4: 사람들은 사회적인 존재이기 때문에, 위치에 따라 행동양식이 달라지게 됩니다. 그 중 언어 사용에도 영향을 미치게 됩니다. 따라서, 세대에 따라 사용되는 언어의 유행이 생기게 되는데, 젊은 세대는 새로운 변화와 유행에 민감한 경향이 있습니다. 그들이 만든 유행어와 신조어는 이들의 독특한 개성을 표출하려는 욕구에서 나오게 됩니다.

질문 5: 어떤 것들이 유행의 시대를 이끌어내는 요소들인가요?
답변 5: 유행의 시기를 이끄는 주요 요인은 두 가지입니다. 첫째, 선조를 따르는 것이 아니라 동시대 사람들을 따라가는 것입니다. 이는 변화를 받아들이려는 욕구와 함께 이루어집니다. 둘째, 새로운 것이 생길 때마다 그것을 따라가는 습관입니다. 이런 애정과 모방 욕구는 복합적으로 작용하여 유행이 형성됩니다."
12,5,"
Role : ""당신은 대한민국에서 대입 논술 면접 학원을 운영하고 있는 선생님입니다.""
Task : ""당신의 주 업무는 제시문으로부터 새로운 질문을 생성하는 것입니다.
예시 질문을 보여드리겠습니다. 당신은 새로운 제시문이 주어지면, 제시문들의 내용을 파악한 후 이와 유사한 질문을 생성합니다.
모든 질문은 반드시 ""~하시오.""로 끝나야 합니다.""

Format :
""환경정책을 수립할 때 유념해야 할 점에 대한, 글에서의 서로 다른 입장을 비교하시오."",
""글에 등장하는 화자들이 자신의 입장을 각각 어떻게 변호할지 논하시오."",
""제시문의 첫 단락과 마지막 단락에서의 주장의 차이점과 공통점을 설명하시오."",
""글에서 등장하는 화자들의 주장의 차이점과 공통점을 설명하시오.""
","다음 제시문을 보고, 질문과 답변 세트를 5개 생성해야 합니다. 다른 불필요한 문장은 모두 삭제해 주세요.
질문과 답변은 모두 한국어로, 1~2문장으로 구성해주세요.
각 질문들은 서로 다른 형태와 내용으로, 겹치지 않아야 합니다. 질문 부분에는 질문 자체만 생성해주세요.
모든 질문은 반드시 ""~하시오.""로 끝나야 합니다.

생성 형식은

  [""질문 1""
  ""답변 1""
  ""질문 2""
  ""답변 2""
  ""질문 3""
  ""답변 3""
  ""질문 4""
  ""답변 4""
  ""질문 5""
  ""답변 5""]
으로 해야 합니다.

이제 새로운 제시문을 보여드리겠습니다.

""유행은 누구나 가는 길로 가려는 모방 욕구와 자신을 표현하고 싶은 개성 욕구를 동시에 충족시켜주는 매우 독특한 현상이다.
유행을 따름으로써 자신도 주변 사람들과 똑같이 행동하고 있다는 안도감을 얻으려는 심리, 그리고 다른 사람들과 구별되는 만족감을 얻으려는 심리가 복합적으로 얽혀 있는 것이다.
남을 따르고자 하는 욕구나 소망이 결여되는 경우, 아니면 반대로 개성을 드러내려는 욕구가 결여되는 경우 유행의 영역은 더 이상 존재하지 않게 된다.
예를 들면, 모든 개인이 제각각 특수한 존재가 되려 하고 모방을 기피하는 집단에서는 유행이 발생하지 않는다.
1390년경 피렌체에서 남성 복장의 뚜렷한 유행이 존재하지 않았던 이유는 모두가 각자 독특한 방식으로 차려입고자 했기 때문이다.
반면에 유행이 전체를 지배하게 되면, 즉 처음에는 몇몇 사람이 주도했던 일을 예외 없이 모두가 따라 하게 되면, 그것이 옷이든 음악이든 더 이상 유행이라고 부르지 않는다.
유행은 결코 현재 상태에 머물지 않으며 부단히 진행된다.

다른 관점에서는, 옛것이나 선조를 추종하는 경향이 관습의 시대를 지배했다면, 새로운 것을 숭배하고 동시대인들을 모방하려는 경향이 유행의 시대를 특징 짓는다.
이제 사람들은 선조를 닮으려고 하기보다는, 주위 사람들을 닮으려 한다는 것이다.
변화에 대한 애정과 동시대인들에 대한 모방이 유행의 시대를 이끄는 두 가지 중요한 원리이다.
이 원리들에는 선조의 유산을 평가 절하하고 현재의 규범을 중요시하려는 경향이 동반된다.
옛것은 더 이상 존경해야 하는 것으로 여겨지지 않는다.
사람들은 끊임없이 새것을 탐닉하며, 같은 시대에 사는 사람들을 따라 한다.
예를 들면, 근대 유럽의 상류사회는 변화에 대한 열정에 사로잡혀 있었다.
그 열정은 최신 발명품과 이국적 문물에 대한 열망으로 타올랐다. 이탈리아, 스페인, 프랑스가 선도하는 유행을 다른 국가의 상류층 사람들이 앞다퉈 모방하였다.
그들은 새로운 것이면 무엇이든지 뒤쫓아가려고 했고, 가장 최근에 생겨난 변화를 받아들이고자 했다.
중하층 사람들은 다시 상류층의 유행을 모방하였다. 유행은 이런 식으로 사회 전체에 확산하였고, 언제나 새로운 것이 나타날 때마다 그것을 추종하는 상류층에 의해 계속해서 변화하였다.

한편,사람은 사회적인 존재이기 때문에 지위나 역할이 달라지면 자연히 거기에 맞는 행동양식을 하게 된다. 그 행동양식 가운데 하나가 언어 사용이다.
가령,‘엄마, 아빠’와 같은 말은 어린이들의 말이고,‘자네, 댁’과 같은 단어는 어른들의 말이라는 것도 나이에 따른 사회적 행동 양식이 반영된 것이라고 할 수 있다.
이런‘연령 단계’에 의한 언어 차이 외에도, 기성세대와 신세대, 또는 노년층 세대와 청소년층 세대처럼 ‘세대 차이’에 의한 언어 차이도 있을 수 있다.
젊은 세대는 대체로 기성세대와 비교해 볼 때 유행에 민감하고 새로운 변화를 쉽게 받아들인다.
언어에서도 젊은 세대의 이런 특성이 반영된다. 젊은 세대는 ‘반모’(반말 모드), ‘인싸’(무리에 잘 어울려 지내는 사람, 영어 ‘insider’의 의미) 등과 같은 유행어와 신조어를 만드는 주축으로, 대부분의 유행어와 신조어는 자신의 독특한 개성을 표출하려는 젊은 세대를 중심으로 사용된다.
이러한 언어의 유행 현상은 세대 변화에 따른 것이다.""

                ","질문 1: 제시문에서의 첫 번째 단락에서 언급된 유념해야 할 점 중 어떤 점이 가장 중요한데다고 생각하시오?
답변 1: 첫 번째 단락에서는 유행이 모방 욕구와 자신을 표현하고 싶은 개성 욕구를 동시에 충족시키는 독특한 현상으로 언급되었습니다. 이 중에서 가장 중요한 점은 유행이 자신의 개성을 나타내는데 있다는 점입니다. 제시문은 유행이 단순히 따라오는 것이 아니라, 자신만의 고유한 스타일을 갖는다는 것을 강조합니다.

질문 2: 제시문에서 언급된 두 가지 원리로 유행이 이끌어지는 것을 설명하시오.
답변 2: 제시문에서는 유행이 이끌어지는 원리로 안도감을 얻고자 하는 심리적인 요인과 구별되는 만족감을 얻고자 하는 심리적 요인을 언급했습니다. 이는 사람들이 유행을 따라함으로써 자신을 주변 사람들과 동일하게 만들 수 있다는 생각에 대한 욕구와 자신의 개성을 표현할 수 있는 기회를 얻을 수 있다는 욕구의 결합으로 설명될 수 있습니다.

질문 3: 제시문에서 언급된 예시를 통해 어떤 유형의 유행이 일어났는지 설명하시오.
답변 3: 제시문은 1390년경 피렌체에서 남성 복장의 분명 유행이 존재하지 않았던 상황을 예시로 들었습니다. 이 예시에서 보여지는 유행의 종류는 모든 개인이 제각각 특수한 존재가 되고 모방을 기피하는 집단에서는 유행이 생기는 것이 아니라, 모방 없이 각자 독특한 방식으로 차려입으려는 욕구가 강조됩니다.

질문 4: 제시문에서 언급된 원리에 따라 유행이 어떻게 변화함을 설명하시오.
답변 4: 제시문은 유행이 결코 현재 상태에 머물지 않으며 부쩍 진행되는 것을 강조했습니다. 또한, 옛것이나 선조를 따르는 전통적인 시대의 경우와 다르게, 새로운 것을 숭배하고 동시대 사람들을 모방하려는 경향이 유행의 시대를 특징 짓게 됩니다. 이는 사회적인 관심사와 욕구가 항상 변화하고, 새로운 것이 생겨날 때마다 그것을 따라가는 사람들의 행동에서 비롯된 것입니다.

질문 5: 제시문에서 언급된 사례들을 통해 어떤 것들이 유행을 이끌어나갔는지 설명하시오.
답변 5: 제시문은 근대 유럽의 상류사회가 변화에 대한 열정에 사로잡혀 있었다는 것을 예시로 들었습니다. 이 시기에는 최신 발명품과 이국적 문물에 대한 열망이 확산되어 이탈리아, 스페인, 프랑스가 선도하는 유행을 다른 국가의 상류층 사람들이 앞다냥으로 모방하게 되었습니다. 또한, 중하층 사람들은 다시 상류층의 유행을 모방하였으며, 유행은 이런 식으로 사회 전체에 확산되고, 항상 새로운 것이 나타날 때마다 그것을 따라가는 사람들의 행동에서 비롯된 것입니다."
13,5,"
Role : ""당신은 대한민국에서 대입 논술 면접 학원을 운영하고 있는 선생님입니다.""
Task : ""당신의 주 업무는 제시문으로부터 새로운 질문을 생성하는 것입니다.
예시 질문을 보여드리겠습니다. 당신은 새로운 제시문이 주어지면, 제시문들의 내용을 파악한 후 이와 유사한 질문을 생성합니다.
모든 질문은 반드시 ""~하시오.""로 끝나야 합니다.""

Format :
""환경정책을 수립할 때 유념해야 할 점에 대한, 글에서의 서로 다른 입장을 비교하시오."",
""글에 등장하는 화자들이 자신의 입장을 각각 어떻게 변호할지 논하시오."",
""제시문의 첫 단락과 마지막 단락에서의 주장의 차이점과 공통점을 설명하시오."",
""글에서 등장하는 화자들의 주장의 차이점과 공통점을 설명하시오.""
","다음 제시문을 보고, 질문과 답변 세트를 5개 생성해야 합니다. 다른 불필요한 문장은 모두 삭제해 주세요.
질문과 답변은 모두 한국어로, 1~2문장으로 구성해주세요.
각 질문들은 서로 다른 형태와 내용으로, 겹치지 않아야 합니다. 질문 부분에는 질문 자체만 생성해주세요.
모든 질문은 반드시 ""~하시오.""로 끝나야 합니다.

생성 형식은

  [""질문 1""
  ""답변 1""
  ""질문 2""
  ""답변 2""
  ""질문 3""
  ""답변 3""
  ""질문 4""
  ""답변 4""
  ""질문 5""
  ""답변 5""]
으로 해야 합니다.

이제 새로운 제시문을 보여드리겠습니다.

""유행은 누구나 가는 길로 가려는 모방 욕구와 자신을 표현하고 싶은 개성 욕구를 동시에 충족시켜주는 매우 독특한 현상이다.
유행을 따름으로써 자신도 주변 사람들과 똑같이 행동하고 있다는 안도감을 얻으려는 심리, 그리고 다른 사람들과 구별되는 만족감을 얻으려는 심리가 복합적으로 얽혀 있는 것이다.
남을 따르고자 하는 욕구나 소망이 결여되는 경우, 아니면 반대로 개성을 드러내려는 욕구가 결여되는 경우 유행의 영역은 더 이상 존재하지 않게 된다.
예를 들면, 모든 개인이 제각각 특수한 존재가 되려 하고 모방을 기피하는 집단에서는 유행이 발생하지 않는다.
1390년경 피렌체에서 남성 복장의 뚜렷한 유행이 존재하지 않았던 이유는 모두가 각자 독특한 방식으로 차려입고자 했기 때문이다.
반면에 유행이 전체를 지배하게 되면, 즉 처음에는 몇몇 사람이 주도했던 일을 예외 없이 모두가 따라 하게 되면, 그것이 옷이든 음악이든 더 이상 유행이라고 부르지 않는다.
유행은 결코 현재 상태에 머물지 않으며 부단히 진행된다.

다른 관점에서는, 옛것이나 선조를 추종하는 경향이 관습의 시대를 지배했다면, 새로운 것을 숭배하고 동시대인들을 모방하려는 경향이 유행의 시대를 특징 짓는다.
이제 사람들은 선조를 닮으려고 하기보다는, 주위 사람들을 닮으려 한다는 것이다.
변화에 대한 애정과 동시대인들에 대한 모방이 유행의 시대를 이끄는 두 가지 중요한 원리이다.
이 원리들에는 선조의 유산을 평가 절하하고 현재의 규범을 중요시하려는 경향이 동반된다.
옛것은 더 이상 존경해야 하는 것으로 여겨지지 않는다.
사람들은 끊임없이 새것을 탐닉하며, 같은 시대에 사는 사람들을 따라 한다.
예를 들면, 근대 유럽의 상류사회는 변화에 대한 열정에 사로잡혀 있었다.
그 열정은 최신 발명품과 이국적 문물에 대한 열망으로 타올랐다. 이탈리아, 스페인, 프랑스가 선도하는 유행을 다른 국가의 상류층 사람들이 앞다퉈 모방하였다.
그들은 새로운 것이면 무엇이든지 뒤쫓아가려고 했고, 가장 최근에 생겨난 변화를 받아들이고자 했다.
중하층 사람들은 다시 상류층의 유행을 모방하였다. 유행은 이런 식으로 사회 전체에 확산하였고, 언제나 새로운 것이 나타날 때마다 그것을 추종하는 상류층에 의해 계속해서 변화하였다.

한편,사람은 사회적인 존재이기 때문에 지위나 역할이 달라지면 자연히 거기에 맞는 행동양식을 하게 된다. 그 행동양식 가운데 하나가 언어 사용이다.
가령,‘엄마, 아빠’와 같은 말은 어린이들의 말이고,‘자네, 댁’과 같은 단어는 어른들의 말이라는 것도 나이에 따른 사회적 행동 양식이 반영된 것이라고 할 수 있다.
이런‘연령 단계’에 의한 언어 차이 외에도, 기성세대와 신세대, 또는 노년층 세대와 청소년층 세대처럼 ‘세대 차이’에 의한 언어 차이도 있을 수 있다.
젊은 세대는 대체로 기성세대와 비교해 볼 때 유행에 민감하고 새로운 변화를 쉽게 받아들인다.
언어에서도 젊은 세대의 이런 특성이 반영된다. 젊은 세대는 ‘반모’(반말 모드), ‘인싸’(무리에 잘 어울려 지내는 사람, 영어 ‘insider’의 의미) 등과 같은 유행어와 신조어를 만드는 주축으로, 대부분의 유행어와 신조어는 자신의 독특한 개성을 표출하려는 젊은 세대를 중심으로 사용된다.
이러한 언어의 유행 현상은 세대 변화에 따른 것이다.""

                ","질문 1: 유행은 누구를 따라가는 것이 아니라, 누구를 모방하는 것이냐?
답변 1: 유행은 바로 주변 사람들과 비슷하게 행동하고 싶은 욕구와 자신을 표현하고 싶은 성격 욕구가 복합적으로 얽혀 있는 것입니다. 따라서, 유행을 따른다는 것은 다른 사람들과 비슷하게 행동하고, 그들보다 더 잘 보여지기 위한 노력이 필요하다는 것을 의미합니다.

질문 2: 유행이 나타나면 어떤 현상이 일어나는 건가요?
답변 2: 유행이 나타나면 모든 사람들은 그 유행을 따라하게 됩니다. 이는 어느 한 사람이 새로운 것을 시도하면 그 사람의 행동이 퍼져 다른 사람들의 행동에도 영향을 미치기 때문입니다. 예를 들어, 남성이 바지를 입으면 여성들도 바지를 입게 되고, 다시 여성이 바지를 입으면 남성들도 이에 따라 바지를 입게 됩니다. 이런 식으로 모든 사람들의 옷차림이나 행동 등에서 유행이 나타나면 그 유행을 따라가는 것이 자연스러워집니다.

질문 3: 유행이 왜 변할 때마다 생기는 현상인가요?
답변 3: 네, 맞습니다. 유행은 언제나 새로운 것이 생겨납니다. 어떤 유행이 있었습니다. 그 유행은 시간이 지나면서 오래되어 더 이상 유행이 되지 않게 됩니다. 그리고 그 자리를 대신하는 새로운 유행이 생기면 사람들은 그 새로운 유행을 따라가게 됩니다. 이러한 과정에서 계속해서 새로운 것들이 등장하고, 이전에 유행했던 것들은 사라지게 됩니다.

질문 4: 왜 사람들은 유행에 대해 열광하게 되는 걸까요?
답변 4: 사람들은 유행에 열광하는 이유는 다양합니다. 첫째로, 유행은 자신들을 다른 사람들과 차별화시킬 수 있는 좋은 방법입니다. 둘째로, 유행은 새로운 것을 시도하고, 변화를 받아들일 수 있는 능력을 갖춘 사람들에게 매력적인 것입니다. 그리고 셋째로, 유행은 사람들이 그들의 주변 사회에서 인정받고, 그들 중 한 사람으로 선택받을 수 있는 기회를 제공합니다.

질문 5: 마지막으로, 어떤 조언이 주어졌을 때 가장 먼저 떠오르는 조언은 무엇인가요?
답변 5: ""모든 사람들은 자신만의 스타일을 가지고 있다. 자신들을 최대한으로 표현하기 위해 그 스타일을 찾아서 따라가자."""
14,5,"
Role : ""당신은 대한민국에서 대입 논술 면접 학원을 운영하고 있는 선생님입니다.""
Task : ""당신의 주 업무는 제시문으로부터 새로운 질문을 생성하는 것입니다.
예시 질문을 보여드리겠습니다. 당신은 새로운 제시문이 주어지면, 제시문들의 내용을 파악한 후 이와 유사한 질문을 생성합니다.
모든 질문은 반드시 ""~하시오.""로 끝나야 합니다.""

Format :
""환경정책을 수립할 때 유념해야 할 점에 대한, 글에서의 서로 다른 입장을 비교하시오."",
""글에 등장하는 화자들이 자신의 입장을 각각 어떻게 변호할지 논하시오."",
""제시문의 첫 단락과 마지막 단락에서의 주장의 차이점과 공통점을 설명하시오."",
""글에서 등장하는 화자들의 주장의 차이점과 공통점을 설명하시오.""
","다음 제시문을 보고, 질문과 답변 세트를 5개 생성해야 합니다. 다른 불필요한 문장은 모두 삭제해 주세요.
질문과 답변은 모두 한국어로, 1~2문장으로 구성해주세요.
각 질문들은 서로 다른 형태와 내용으로, 겹치지 않아야 합니다. 질문 부분에는 질문 자체만 생성해주세요.
모든 질문은 반드시 ""~하시오.""로 끝나야 합니다.

생성 형식은

  [""질문 1""
  ""답변 1""
  ""질문 2""
  ""답변 2""
  ""질문 3""
  ""답변 3""
  ""질문 4""
  ""답변 4""
  ""질문 5""
  ""답변 5""]
으로 해야 합니다.

이제 새로운 제시문을 보여드리겠습니다.

""유행은 누구나 가는 길로 가려는 모방 욕구와 자신을 표현하고 싶은 개성 욕구를 동시에 충족시켜주는 매우 독특한 현상이다.
유행을 따름으로써 자신도 주변 사람들과 똑같이 행동하고 있다는 안도감을 얻으려는 심리, 그리고 다른 사람들과 구별되는 만족감을 얻으려는 심리가 복합적으로 얽혀 있는 것이다.
남을 따르고자 하는 욕구나 소망이 결여되는 경우, 아니면 반대로 개성을 드러내려는 욕구가 결여되는 경우 유행의 영역은 더 이상 존재하지 않게 된다.
예를 들면, 모든 개인이 제각각 특수한 존재가 되려 하고 모방을 기피하는 집단에서는 유행이 발생하지 않는다.
1390년경 피렌체에서 남성 복장의 뚜렷한 유행이 존재하지 않았던 이유는 모두가 각자 독특한 방식으로 차려입고자 했기 때문이다.
반면에 유행이 전체를 지배하게 되면, 즉 처음에는 몇몇 사람이 주도했던 일을 예외 없이 모두가 따라 하게 되면, 그것이 옷이든 음악이든 더 이상 유행이라고 부르지 않는다.
유행은 결코 현재 상태에 머물지 않으며 부단히 진행된다.

다른 관점에서는, 옛것이나 선조를 추종하는 경향이 관습의 시대를 지배했다면, 새로운 것을 숭배하고 동시대인들을 모방하려는 경향이 유행의 시대를 특징 짓는다.
이제 사람들은 선조를 닮으려고 하기보다는, 주위 사람들을 닮으려 한다는 것이다.
변화에 대한 애정과 동시대인들에 대한 모방이 유행의 시대를 이끄는 두 가지 중요한 원리이다.
이 원리들에는 선조의 유산을 평가 절하하고 현재의 규범을 중요시하려는 경향이 동반된다.
옛것은 더 이상 존경해야 하는 것으로 여겨지지 않는다.
사람들은 끊임없이 새것을 탐닉하며, 같은 시대에 사는 사람들을 따라 한다.
예를 들면, 근대 유럽의 상류사회는 변화에 대한 열정에 사로잡혀 있었다.
그 열정은 최신 발명품과 이국적 문물에 대한 열망으로 타올랐다. 이탈리아, 스페인, 프랑스가 선도하는 유행을 다른 국가의 상류층 사람들이 앞다퉈 모방하였다.
그들은 새로운 것이면 무엇이든지 뒤쫓아가려고 했고, 가장 최근에 생겨난 변화를 받아들이고자 했다.
중하층 사람들은 다시 상류층의 유행을 모방하였다. 유행은 이런 식으로 사회 전체에 확산하였고, 언제나 새로운 것이 나타날 때마다 그것을 추종하는 상류층에 의해 계속해서 변화하였다.

한편,사람은 사회적인 존재이기 때문에 지위나 역할이 달라지면 자연히 거기에 맞는 행동양식을 하게 된다. 그 행동양식 가운데 하나가 언어 사용이다.
가령,‘엄마, 아빠’와 같은 말은 어린이들의 말이고,‘자네, 댁’과 같은 단어는 어른들의 말이라는 것도 나이에 따른 사회적 행동 양식이 반영된 것이라고 할 수 있다.
이런‘연령 단계’에 의한 언어 차이 외에도, 기성세대와 신세대, 또는 노년층 세대와 청소년층 세대처럼 ‘세대 차이’에 의한 언어 차이도 있을 수 있다.
젊은 세대는 대체로 기성세대와 비교해 볼 때 유행에 민감하고 새로운 변화를 쉽게 받아들인다.
언어에서도 젊은 세대의 이런 특성이 반영된다. 젊은 세대는 ‘반모’(반말 모드), ‘인싸’(무리에 잘 어울려 지내는 사람, 영어 ‘insider’의 의미) 등과 같은 유행어와 신조어를 만드는 주축으로, 대부분의 유행어와 신조어는 자신의 독특한 개성을 표출하려는 젊은 세대를 중심으로 사용된다.
이러한 언어의 유행 현상은 세대 변화에 따른 것이다.""

                ","질문 1: 유행은 누구를 따라가는 것이 아니라, 누구를 모방하는 것이냐?
답변 1: 유행은 바로 주변 사람들과 비슷하게 행동하고 싶은 욕구와 자신을 표현하고 싶은 성격 욕구가 복합적으로 얽혀 있는 것입니다. 따라서, 유행을 따른다는 것은 다른 사람들과 비슷하게 행동하고, 그들보다 더 잘 보여지기 위한 노력이 필요하다는 것을 의미합니다.

질문 2: 유행이 나타나면 어떤 현상이 일어나는 건가요?
답변 2: 유행이 나타나면 모든 사람들은 그 유행을 따라하게 됩니다. 이는 어느 한 사람이 새로운 것을 시도하면 그 사람의 행동이 퍼져 다른 사람들까지로 전파되는 현상입니다. 이러한 확산 현상은 점차적으로 더 많은 사람들이 그것이 추구하도록 유도하며, 결과적으로 유행이 형성됩니다.

질문 3: 유행이 왜 변화하지 않는다고 말하는 건가요?
답변 3: 유행은 결코 현재 상태에 머물지 않습니다. 유행은 이전에 유행했던 것들로부터 파생된 것이며, 새로운 것이 계속 등장하기 때문에 항상 변화합니다. 그러나 이 변화는 쉽게 수용되는 것이 아니라, 주로 선조나 어른들이 유행을 만들었고, 그 후에 이어지는 세대들이 모방하는 경향이 있습니다.

질문 4: 왜 사람들은 유행에 대해 열중할까요?
답변 4: 사람들은 유행에 대해 열중하는 이유는 두 가지 이유가 있습니다. 첫째는 변화 자체에 대한 애정과, 둘째는 동시대인들에 대한 모방이죠. 유행이 나타나면 사람들은 그 변화에 열광하게 되고, 새로운 것을 탐내며 follows합니다. 이는 사람들 사이에 공동체적인 유대가 형성되어, 서로의 행동을 따라하면서 통일된 사회를 만듭니다.

질문 5: 마지막으로, 어떤 것들이 유행의 시대를 이끌어나가고 있습니다?
답변 5: 현재 유행의 시대에는 선조를 따르는 것이 아니라, 동시대 사람들을 따라가는 경향이 있습니다. 사람들끼리 같은 옷을 입고, 같은 음악을 듣며, 같은 행동을 하는 것이 유행입니다. 이는 사람들이 서로의 영향을 두려워하지 않고, 자유롭게 새로운 것을 시도할 수 있는 사회적 분위기에서 비롯된 것입니다."""
15,4,"
Role : ""당신은 대한민국에서 대입 논술 면접 학원을 운영하고 있는 선생님입니다.""
Task : ""당신의 주 업무는 제시문으로부터 새로운 질문을 생성하는 것입니다.
예시 질문을 보여드리겠습니다. 당신은 새로운 제시문이 주어지면, 제시문들의 내용을 파악한 후 이와 유사한 질문을 생성합니다.
모든 질문은 반드시 ""~하시오.""로 끝나야 합니다.""

Format :
""환경정책을 수립할 때 유념해야 할 점에 대한, 글에서의 서로 다른 입장을 비교하시오."",
""글에 등장하는 화자들이 자신의 입장을 각각 어떻게 변호할지 논하시오."",
""제시문의 첫 단락과 마지막 단락에서의 주장의 차이점과 공통점을 설명하시오."",
""글에서 등장하는 화자들의 주장의 차이점과 공통점을 설명하시오.""
","다음 제시문을 보고, 질문과 답변 세트를 4개 생성해야 합니다. 다른 불필요한 문장은 모두 삭제해 주세요.
질문과 답변은 모두 한국어로, 1~2문장으로 구성해주세요.
각 질문들은 서로 다른 형태와 내용으로, 겹치지 않아야 합니다. 질문 부분에는 질문 자체만 생성해주세요.
모든 질문은 반드시 ""~하시오.""로 끝나야 합니다.

생성 형식은

  [""질문 1""
  ""답변 1""
  ""질문 2""
  ""답변 2""
  ""질문 3""
  ""답변 3""
  ""질문 4""
  ""답변 4""]
으로 해야 합니다.

이제 새로운 제시문을 보여드리겠습니다.

""유행은 누구나 가는 길로 가려는 모방 욕구와 자신을 표현하고 싶은 개성 욕구를 동시에 충족시켜주는 매우 독특한 현상이다.
유행을 따름으로써 자신도 주변 사람들과 똑같이 행동하고 있다는 안도감을 얻으려는 심리, 그리고 다른 사람들과 구별되는 만족감을 얻으려는 심리가 복합적으로 얽혀 있는 것이다.
남을 따르고자 하는 욕구나 소망이 결여되는 경우, 아니면 반대로 개성을 드러내려는 욕구가 결여되는 경우 유행의 영역은 더 이상 존재하지 않게 된다.
예를 들면, 모든 개인이 제각각 특수한 존재가 되려 하고 모방을 기피하는 집단에서는 유행이 발생하지 않는다.
1390년경 피렌체에서 남성 복장의 뚜렷한 유행이 존재하지 않았던 이유는 모두가 각자 독특한 방식으로 차려입고자 했기 때문이다.
반면에 유행이 전체를 지배하게 되면, 즉 처음에는 몇몇 사람이 주도했던 일을 예외 없이 모두가 따라 하게 되면, 그것이 옷이든 음악이든 더 이상 유행이라고 부르지 않는다.
유행은 결코 현재 상태에 머물지 않으며 부단히 진행된다.

다른 관점에서는, 옛것이나 선조를 추종하는 경향이 관습의 시대를 지배했다면, 새로운 것을 숭배하고 동시대인들을 모방하려는 경향이 유행의 시대를 특징 짓는다.
이제 사람들은 선조를 닮으려고 하기보다는, 주위 사람들을 닮으려 한다는 것이다.
변화에 대한 애정과 동시대인들에 대한 모방이 유행의 시대를 이끄는 두 가지 중요한 원리이다.
이 원리들에는 선조의 유산을 평가 절하하고 현재의 규범을 중요시하려는 경향이 동반된다.
옛것은 더 이상 존경해야 하는 것으로 여겨지지 않는다.
사람들은 끊임없이 새것을 탐닉하며, 같은 시대에 사는 사람들을 따라 한다.
예를 들면, 근대 유럽의 상류사회는 변화에 대한 열정에 사로잡혀 있었다.
그 열정은 최신 발명품과 이국적 문물에 대한 열망으로 타올랐다. 이탈리아, 스페인, 프랑스가 선도하는 유행을 다른 국가의 상류층 사람들이 앞다퉈 모방하였다.
그들은 새로운 것이면 무엇이든지 뒤쫓아가려고 했고, 가장 최근에 생겨난 변화를 받아들이고자 했다.
중하층 사람들은 다시 상류층의 유행을 모방하였다. 유행은 이런 식으로 사회 전체에 확산하였고, 언제나 새로운 것이 나타날 때마다 그것을 추종하는 상류층에 의해 계속해서 변화하였다.

한편,사람은 사회적인 존재이기 때문에 지위나 역할이 달라지면 자연히 거기에 맞는 행동양식을 하게 된다. 그 행동양식 가운데 하나가 언어 사용이다.
가령,‘엄마, 아빠’와 같은 말은 어린이들의 말이고,‘자네, 댁’과 같은 단어는 어른들의 말이라는 것도 나이에 따른 사회적 행동 양식이 반영된 것이라고 할 수 있다.
이런‘연령 단계’에 의한 언어 차이 외에도, 기성세대와 신세대, 또는 노년층 세대와 청소년층 세대처럼 ‘세대 차이’에 의한 언어 차이도 있을 수 있다.
젊은 세대는 대체로 기성세대와 비교해 볼 때 유행에 민감하고 새로운 변화를 쉽게 받아들인다.
언어에서도 젊은 세대의 이런 특성이 반영된다. 젊은 세대는 ‘반모’(반말 모드), ‘인싸’(무리에 잘 어울려 지내는 사람, 영어 ‘insider’의 의미) 등과 같은 유행어와 신조어를 만드는 주축으로, 대부분의 유행어와 신조어는 자신의 독특한 개성을 표출하려는 젊은 세대를 중심으로 사용된다.
이러한 언어의 유행 현상은 세대 변화에 따른 것이다.""

                ","질문 1: 유행은 누구를 따라가는 것이 아니라, 누구를 모방하는 것이냐?
답변 1: 유행은 바로 주변 사람들과 비슷하게 행동하고 싶은 욕구와 자신을 표현하고 싶은 성격 욕구가 복합적으로 얽혀 있는 것입니다. 따라서, 유행을 따른다는 것은 다른 사람들과 비슷하게 행동하고, 그들보다 더 잘 보여지기 위한 노력이 필요하다는 것을 의미합니다.

질문 2: 유행이 나타나면 어떤 현상이 일어나는 건가요?
답변 2: 유행이 나타나면 많은 사람들이 그 유행을 따라하게 됩니다. 이는 자신들을 다른 사람들과 차별화시키고, 자아표현하기를 바라는 욕구에서 비롯됩니다. 그러나 유행이 지나치게 확산되면, 그 유행을 따르는 것이 더이상 유행이 아닌 것으로 여겨지게 됩니다.

질문 3: 왜 유행은 시대에 따라 달라지는 것일까요?
답변 3: 유행은 변화하고, 새로운 것이 항상 생겨나기 때문입니다. 또한, 사람들은 변화를 좋아하며, 새로운 것을 탐내기도 합니다. 따라서, 유행이 바뀌면 사람들은 그 새로운 유행을 따라하게 됩니다.

질문 4: 왜 언어에서도 유행이 나타나는 걸까요?
답변 4: 사람은 사회적인 존재이기 때문에, 그들이 어떤 사회적 역할을 수행하는지에 따라 행동양식이 형성됩니다. 마찬가지로, 언어 사용도 그러한 영향을 받습니다. 따라서, 세대에 따라 유행이 달라지며, 오래된 세대는 유행어를 채택하지 않거나, 새로운 세대는 유행어와 조어 등을 만들어냅니다."
16,4,"
Role : ""당신은 대한민국에서 대입 논술 면접 학원을 운영하고 있는 선생님입니다.""
Task : ""당신의 주 업무는 제시문으로부터 새로운 질문을 생성하는 것입니다.
예시 질문을 보여드리겠습니다. 당신은 새로운 제시문이 주어지면, 제시문들의 내용을 파악한 후 이와 유사한 질문을 생성합니다.
모든 질문은 반드시 ""~하시오.""로 끝나야 합니다.""

Format :
""환경정책을 수립할 때 유념해야 할 점에 대한, 글에서의 서로 다른 입장을 비교하시오."",
""글에 등장하는 화자들이 자신의 입장을 각각 어떻게 변호할지 논하시오."",
""제시문의 첫 단락과 마지막 단락에서의 주장의 차이점과 공통점을 설명하시오."",
""글에서 등장하는 화자들의 주장의 차이점과 공통점을 설명하시오.""
","다음 제시문을 보고, 질문과 답변 세트를 4개 생성해야 합니다. 다른 불필요한 문장은 모두 삭제해 주세요.
질문과 답변은 모두 한국어로, 1~2문장으로 구성해주세요.
각 질문들은 서로 다른 형태와 내용으로, 겹치지 않아야 합니다. 질문 부분에는 질문 자체만 생성해주세요.
모든 질문은 반드시 ""~하시오.""로 끝나야 합니다.

생성 형식은

  [""질문 1""
  ""답변 1""
  ""질문 2""
  ""답변 2""
  ""질문 3""
  ""답변 3""
  ""질문 4""
  ""답변 4""]
으로 해야 합니다.

이제 새로운 제시문을 보여드리겠습니다.

""유행은 누구나 가는 길로 가려는 모방 욕구와 자신을 표현하고 싶은 개성 욕구를 동시에 충족시켜주는 매우 독특한 현상이다.
유행을 따름으로써 자신도 주변 사람들과 똑같이 행동하고 있다는 안도감을 얻으려는 심리, 그리고 다른 사람들과 구별되는 만족감을 얻으려는 심리가 복합적으로 얽혀 있는 것이다.
남을 따르고자 하는 욕구나 소망이 결여되는 경우, 아니면 반대로 개성을 드러내려는 욕구가 결여되는 경우 유행의 영역은 더 이상 존재하지 않게 된다.
예를 들면, 모든 개인이 제각각 특수한 존재가 되려 하고 모방을 기피하는 집단에서는 유행이 발생하지 않는다.
1390년경 피렌체에서 남성 복장의 뚜렷한 유행이 존재하지 않았던 이유는 모두가 각자 독특한 방식으로 차려입고자 했기 때문이다.
반면에 유행이 전체를 지배하게 되면, 즉 처음에는 몇몇 사람이 주도했던 일을 예외 없이 모두가 따라 하게 되면, 그것이 옷이든 음악이든 더 이상 유행이라고 부르지 않는다.
유행은 결코 현재 상태에 머물지 않으며 부단히 진행된다.

다른 관점에서는, 옛것이나 선조를 추종하는 경향이 관습의 시대를 지배했다면, 새로운 것을 숭배하고 동시대인들을 모방하려는 경향이 유행의 시대를 특징 짓는다.
이제 사람들은 선조를 닮으려고 하기보다는, 주위 사람들을 닮으려 한다는 것이다.
변화에 대한 애정과 동시대인들에 대한 모방이 유행의 시대를 이끄는 두 가지 중요한 원리이다.
이 원리들에는 선조의 유산을 평가 절하하고 현재의 규범을 중요시하려는 경향이 동반된다.
옛것은 더 이상 존경해야 하는 것으로 여겨지지 않는다.
사람들은 끊임없이 새것을 탐닉하며, 같은 시대에 사는 사람들을 따라 한다.
예를 들면, 근대 유럽의 상류사회는 변화에 대한 열정에 사로잡혀 있었다.
그 열정은 최신 발명품과 이국적 문물에 대한 열망으로 타올랐다. 이탈리아, 스페인, 프랑스가 선도하는 유행을 다른 국가의 상류층 사람들이 앞다퉈 모방하였다.
그들은 새로운 것이면 무엇이든지 뒤쫓아가려고 했고, 가장 최근에 생겨난 변화를 받아들이고자 했다.
중하층 사람들은 다시 상류층의 유행을 모방하였다. 유행은 이런 식으로 사회 전체에 확산하였고, 언제나 새로운 것이 나타날 때마다 그것을 추종하는 상류층에 의해 계속해서 변화하였다.

한편,사람은 사회적인 존재이기 때문에 지위나 역할이 달라지면 자연히 거기에 맞는 행동양식을 하게 된다. 그 행동양식 가운데 하나가 언어 사용이다.
가령,‘엄마, 아빠’와 같은 말은 어린이들의 말이고,‘자네, 댁’과 같은 단어는 어른들의 말이라는 것도 나이에 따른 사회적 행동 양식이 반영된 것이라고 할 수 있다.
이런‘연령 단계’에 의한 언어 차이 외에도, 기성세대와 신세대, 또는 노년층 세대와 청소년층 세대처럼 ‘세대 차이’에 의한 언어 차이도 있을 수 있다.
젊은 세대는 대체로 기성세대와 비교해 볼 때 유행에 민감하고 새로운 변화를 쉽게 받아들인다.
언어에서도 젊은 세대의 이런 특성이 반영된다. 젊은 세대는 ‘반모’(반말 모드), ‘인싸’(무리에 잘 어울려 지내는 사람, 영어 ‘insider’의 의미) 등과 같은 유행어와 신조어를 만드는 주축으로, 대부분의 유행어와 신조어는 자신의 독특한 개성을 표출하려는 젊은 세대를 중심으로 사용된다.
이러한 언어의 유행 현상은 세대 변화에 따른 것이다.""

                ","질문 1: 유행은 누구를 따라가는 것이 아니라, 누구를 모방하는 것이냐?
답변 1: 유행은 바로 주변 사람들과 비슷하게 행동하고 싶은 욕구와 자신을 표현하고 싶은 성격 욕구가 복합적으로 얽혀 있는 것입니다. 따라서, 유행을 따른다는 것은 다른 사람들과 비슷하게 행동하고, 그들보다 더 잘 보여지기 위한 노력이 필요하다는 것을 의미합니다.

질문 2: 유행이 나타나면 어떤 현상이 일어나는 건가요?
답변 2: 유행이 나타나면 많은 사람들이 그 유행을 따라하게 됩니다. 이는 자신들을 다른 사람들과 차별화시키고, 자아표현하기를 바라는 욕구에서 비롯됩니다. 그러나 유행이 지나치게 확산되면, 그 유행을 따르는 것이 더이상 유행이 아닌 것으로 여겨지게 됩니다.

질문 3: 왜 유행은 시대에 따라 달라지는 것일까요?
답변 3: 유행은 변화하고, 새로운 것이 계속 등장하기 때문입니다. 사람들은 새로운 것에 대한 열정과 동시대인들에 대한 모방을 끊임없이 느끼는 경향이 있습니다. 이러한 원리로 인해, 유행은 시대에 따라 달라지게 됩니다.

질문 4: 어떤 요인들이 유행의 현상을 가져오는지 설명해 주세요?
답변 4: 유행의 현상은 크게 선조의 유산을 평가 절하하고 현재의 규범을 중요시하려는 경향과, 변화를 받아들이려는 동시대인들의 열정이 결합된 것입니다. 이는 근대 유럽의 상류사회에서 변화를 수용하는 열정과 함께 새로운 발명품과 이국적 문물에 대한 열망으로 확산되었습니다."
17,3,"
Role : ""당신은 대한민국에서 대입 논술 면접 학원을 운영하고 있는 선생님입니다.""
Task : ""당신의 주 업무는 제시문으로부터 새로운 질문을 생성하는 것입니다.
예시 질문을 보여드리겠습니다. 당신은 새로운 제시문이 주어지면, 제시문들의 내용을 파악한 후 이와 유사한 질문을 생성합니다.
모든 질문은 반드시 ""~하시오.""로 끝나야 합니다.""

Format :
""환경정책을 수립할 때 유념해야 할 점에 대한, 글에서의 서로 다른 입장을 비교하시오."",
""글에 등장하는 화자들이 자신의 입장을 각각 어떻게 변호할지 논하시오."",
""제시문의 첫 단락과 마지막 단락에서의 주장의 차이점과 공통점을 설명하시오."",
""글에서 등장하는 화자들의 주장의 차이점과 공통점을 설명하시오.""
","다음 제시문을 보고, 질문과 답변 세트를 3개 생성해야 합니다. 다른 불필요한 문장은 모두 삭제해 주세요.
질문과 답변은 모두 한국어로, 1~2문장으로 구성해주세요.
각 질문들은 서로 다른 형태와 내용으로, 겹치지 않아야 합니다. 질문 부분에는 질문 자체만 생성해주세요.
모든 질문은 반드시 ""~하시오.""로 끝나야 합니다.

생성 형식은

  [""질문 1""
  ""답변 1""
  ""질문 2""
  ""답변 2""
  ""질문 3""
  ""답변 3""]
으로 해야 합니다.

이제 새로운 제시문을 보여드리겠습니다.

""유행은 누구나 가는 길로 가려는 모방 욕구와 자신을 표현하고 싶은 개성 욕구를 동시에 충족시켜주는 매우 독특한 현상이다.
유행을 따름으로써 자신도 주변 사람들과 똑같이 행동하고 있다는 안도감을 얻으려는 심리, 그리고 다른 사람들과 구별되는 만족감을 얻으려는 심리가 복합적으로 얽혀 있는 것이다.
남을 따르고자 하는 욕구나 소망이 결여되는 경우, 아니면 반대로 개성을 드러내려는 욕구가 결여되는 경우 유행의 영역은 더 이상 존재하지 않게 된다.
예를 들면, 모든 개인이 제각각 특수한 존재가 되려 하고 모방을 기피하는 집단에서는 유행이 발생하지 않는다.
1390년경 피렌체에서 남성 복장의 뚜렷한 유행이 존재하지 않았던 이유는 모두가 각자 독특한 방식으로 차려입고자 했기 때문이다.
반면에 유행이 전체를 지배하게 되면, 즉 처음에는 몇몇 사람이 주도했던 일을 예외 없이 모두가 따라 하게 되면, 그것이 옷이든 음악이든 더 이상 유행이라고 부르지 않는다.
유행은 결코 현재 상태에 머물지 않으며 부단히 진행된다.

다른 관점에서는, 옛것이나 선조를 추종하는 경향이 관습의 시대를 지배했다면, 새로운 것을 숭배하고 동시대인들을 모방하려는 경향이 유행의 시대를 특징 짓는다.
이제 사람들은 선조를 닮으려고 하기보다는, 주위 사람들을 닮으려 한다는 것이다.
변화에 대한 애정과 동시대인들에 대한 모방이 유행의 시대를 이끄는 두 가지 중요한 원리이다.
이 원리들에는 선조의 유산을 평가 절하하고 현재의 규범을 중요시하려는 경향이 동반된다.
옛것은 더 이상 존경해야 하는 것으로 여겨지지 않는다.
사람들은 끊임없이 새것을 탐닉하며, 같은 시대에 사는 사람들을 따라 한다.
예를 들면, 근대 유럽의 상류사회는 변화에 대한 열정에 사로잡혀 있었다.
그 열정은 최신 발명품과 이국적 문물에 대한 열망으로 타올랐다. 이탈리아, 스페인, 프랑스가 선도하는 유행을 다른 국가의 상류층 사람들이 앞다퉈 모방하였다.
그들은 새로운 것이면 무엇이든지 뒤쫓아가려고 했고, 가장 최근에 생겨난 변화를 받아들이고자 했다.
중하층 사람들은 다시 상류층의 유행을 모방하였다. 유행은 이런 식으로 사회 전체에 확산하였고, 언제나 새로운 것이 나타날 때마다 그것을 추종하는 상류층에 의해 계속해서 변화하였다.

한편,사람은 사회적인 존재이기 때문에 지위나 역할이 달라지면 자연히 거기에 맞는 행동양식을 하게 된다. 그 행동양식 가운데 하나가 언어 사용이다.
가령,‘엄마, 아빠’와 같은 말은 어린이들의 말이고,‘자네, 댁’과 같은 단어는 어른들의 말이라는 것도 나이에 따른 사회적 행동 양식이 반영된 것이라고 할 수 있다.
이런‘연령 단계’에 의한 언어 차이 외에도, 기성세대와 신세대, 또는 노년층 세대와 청소년층 세대처럼 ‘세대 차이’에 의한 언어 차이도 있을 수 있다.
젊은 세대는 대체로 기성세대와 비교해 볼 때 유행에 민감하고 새로운 변화를 쉽게 받아들인다.
언어에서도 젊은 세대의 이런 특성이 반영된다. 젊은 세대는 ‘반모’(반말 모드), ‘인싸’(무리에 잘 어울려 지내는 사람, 영어 ‘insider’의 의미) 등과 같은 유행어와 신조어를 만드는 주축으로, 대부분의 유행어와 신조어는 자신의 독특한 개성을 표출하려는 젊은 세대를 중심으로 사용된다.
이러한 언어의 유행 현상은 세대 변화에 따른 것이다.""

                ","질문 1: 주어진 제시문에서 유념해야 할 점과 강조하고자 하는 부분이 어디인가요? 
답변 1: 주어진 제시문은 유행과 그 원인에 대해 이야기하고 있습니다. 특히, 유행이 왜 생기는지를 설명할 때 복합적인 요인들, 즉 안도감과 만족감, 그리고 남을 따라가는 욕구와 자신의 개성을 드러내는 욕구 등이 중요하게 언급되고 있습니다. 

질문 2: 유행이 나타나면 어떤 변화가 일어나는 것인지 설명하시오.
답변 2: 유행이 나타나면 사람들은 서로의 행동을 모방하고, 새로운 것을 따라하게 됩니다. 이는 어느 정도의 안도감을 제공하며, 따로 스스로의 개성을 드러내려는 욕구를 충족시키는 것을 보여줍니다. 한편, 유행이 확산되면 기존의 관습은 더 이상 유행이 아닌 것으로 여겨지게 됩니다. 

질문 3: 대중이 어떤 동기에 의해 유행을 따르는 것인지 설명하시오.
답변 3: 대중이 유행을 따르는 주된 이유는 안도감과 만족감입니다. 사람들은 자신이 주변 사람들과 똑같이 행동하고 있다는 안도감을 얻으려고 노력합니다. 또한, 새로운 것을 시도하면서 자신의 개성을 드러내는 것을 즐기고, 이를 통해 만족감을 얻습니다. 이러한 동기들은 변화 속도가 빨라질수록 더욱 강화됩니다."
18,5,"
Role : ""당신은 대한민국에서 대입 논술 면접 학원을 운영하고 있는 선생님입니다.""
Task : ""당신의 주 업무는 제시문으로부터 새로운 질문을 생성하는 것입니다.
예시 질문을 보여드리겠습니다. 당신은 새로운 제시문이 주어지면, 제시문들의 내용을 파악한 후 이와 유사한 질문을 생성합니다.
모든 질문은 반드시 ""~하시오.""로 끝나야 합니다.""

Format :
""환경정책을 수립할 때 유념해야 할 점에 대한, 글에서의 서로 다른 입장을 비교하시오."",
""글에 등장하는 화자들이 자신의 입장을 각각 어떻게 변호할지 논하시오."",
""제시문의 첫 단락과 마지막 단락에서의 주장의 차이점과 공통점을 설명하시오."",
""글에서 등장하는 화자들의 주장의 차이점과 공통점을 설명하시오.""
","다음 제시문을 보고, 질문과 답변 세트를 5개 생성해야 합니다. 다른 불필요한 문장은 모두 삭제해 주세요.
질문과 답변은 모두 한국어로, 1~2문장으로 구성해주세요.
각 질문들은 서로 다른 형태와 내용으로, 겹치지 않아야 합니다. 질문 부분에는 질문 자체만 생성해주세요.
모든 질문은 반드시 ""~하시오.""로 끝나야 합니다.

생성 형식은

  [""질문 1""
  ""답변 1""
  ""질문 2""
  ""답변 2""
  ""질문 3""
  ""답변 3""
  ""질문 4""
  ""답변 4""
  ""질문 5""
  ""답변 5""]
으로 해야 합니다.

이제 새로운 제시문을 보여드리겠습니다.

""유행은 누구나 가는 길로 가려는 모방 욕구와 자신을 표현하고 싶은 개성 욕구를 동시에 충족시켜주는 매우 독특한 현상이다.
유행을 따름으로써 자신도 주변 사람들과 똑같이 행동하고 있다는 안도감을 얻으려는 심리, 그리고 다른 사람들과 구별되는 만족감을 얻으려는 심리가 복합적으로 얽혀 있는 것이다.
남을 따르고자 하는 욕구나 소망이 결여되는 경우, 아니면 반대로 개성을 드러내려는 욕구가 결여되는 경우 유행의 영역은 더 이상 존재하지 않게 된다.
예를 들면, 모든 개인이 제각각 특수한 존재가 되려 하고 모방을 기피하는 집단에서는 유행이 발생하지 않는다.
1390년경 피렌체에서 남성 복장의 뚜렷한 유행이 존재하지 않았던 이유는 모두가 각자 독특한 방식으로 차려입고자 했기 때문이다.
반면에 유행이 전체를 지배하게 되면, 즉 처음에는 몇몇 사람이 주도했던 일을 예외 없이 모두가 따라 하게 되면, 그것이 옷이든 음악이든 더 이상 유행이라고 부르지 않는다.
유행은 결코 현재 상태에 머물지 않으며 부단히 진행된다.

다른 관점에서는, 옛것이나 선조를 추종하는 경향이 관습의 시대를 지배했다면, 새로운 것을 숭배하고 동시대인들을 모방하려는 경향이 유행의 시대를 특징 짓는다.
이제 사람들은 선조를 닮으려고 하기보다는, 주위 사람들을 닮으려 한다는 것이다.
변화에 대한 애정과 동시대인들에 대한 모방이 유행의 시대를 이끄는 두 가지 중요한 원리이다.
이 원리들에는 선조의 유산을 평가 절하하고 현재의 규범을 중요시하려는 경향이 동반된다.
옛것은 더 이상 존경해야 하는 것으로 여겨지지 않는다.
사람들은 끊임없이 새것을 탐닉하며, 같은 시대에 사는 사람들을 따라 한다.
예를 들면, 근대 유럽의 상류사회는 변화에 대한 열정에 사로잡혀 있었다.
그 열정은 최신 발명품과 이국적 문물에 대한 열망으로 타올랐다. 이탈리아, 스페인, 프랑스가 선도하는 유행을 다른 국가의 상류층 사람들이 앞다퉈 모방하였다.
그들은 새로운 것이면 무엇이든지 뒤쫓아가려고 했고, 가장 최근에 생겨난 변화를 받아들이고자 했다.
중하층 사람들은 다시 상류층의 유행을 모방하였다. 유행은 이런 식으로 사회 전체에 확산하였고, 언제나 새로운 것이 나타날 때마다 그것을 추종하는 상류층에 의해 계속해서 변화하였다.

한편,사람은 사회적인 존재이기 때문에 지위나 역할이 달라지면 자연히 거기에 맞는 행동양식을 하게 된다. 그 행동양식 가운데 하나가 언어 사용이다.
가령,‘엄마, 아빠’와 같은 말은 어린이들의 말이고,‘자네, 댁’과 같은 단어는 어른들의 말이라는 것도 나이에 따른 사회적 행동 양식이 반영된 것이라고 할 수 있다.
이런‘연령 단계’에 의한 언어 차이 외에도, 기성세대와 신세대, 또는 노년층 세대와 청소년층 세대처럼 ‘세대 차이’에 의한 언어 차이도 있을 수 있다.
젊은 세대는 대체로 기성세대와 비교해 볼 때 유행에 민감하고 새로운 변화를 쉽게 받아들인다.
언어에서도 젊은 세대의 이런 특성이 반영된다. 젊은 세대는 ‘반모’(반말 모드), ‘인싸’(무리에 잘 어울려 지내는 사람, 영어 ‘insider’의 의미) 등과 같은 유행어와 신조어를 만드는 주축으로, 대부분의 유행어와 신조어는 자신의 독특한 개성을 표출하려는 젊은 세대를 중심으로 사용된다.
이러한 언어의 유행 현상은 세대 변화에 따른 것이다.""

                ","질문 1: 주어진 제시문에서 설명된 현상의 핵심 원리를 설명하시오.
답변 1: 주어진 제시문은 유행이 모든 세대에 걸쳐 있는 것으로 보인다는 것을 강조합니다. 이는 모든 연령층이 유행에 민감하고 새로운 변화를 쉽게 받아들이는 경향이 있다는 것을 의미합니다.

질문 2: 어떤 요인들이 유행의 현상을 형성하는지 설명하시오?
답변 2: 주어진 제시문은 크게 두 가지 원리로 유행의 현상을 형성한다고 말하고 있습니다. 첫 번째 원칙은 선조를 따라 모방하려는 욕구와 자신을 표현하고 싶은 성격 욕구가 복합적으로 얽혀 있는 것입니다. 두 번째 원칙은 변화를 향해 애정과 동시대 인들에게 대한 모방이 유행을 이끌어가는 주요한 원리입니다.

질문 3: 어떤 사례에서 유행이 어떻게 형성되는지 설명하시오?
답변 3: 주어진 제시문에서 피렌체에서 발생한 남성 복장의 뚜렷하고 뚜렷한 유행이 예를 들어 들였습니다. 이 예는 모든 개인이 제각각 특수한 존재가 되고 모방을 기피하는 집단에서는 유행이 발생하지 않는다는 것을 보여줍니다.

질문 4: 왜 유행은 전체적으로 지배력이 있는 항상성을 형성하지 않는다고 설명하시오?
답변 4: 주어진 제시문은 유행이 전체적으로 지배력이 있는 항상성이 아니라는 것을 강조합니다. 유행은부적합적인 집단으로서, 어느 시점에서 유행을 따르는 것이 아닌 거버네이션의 방식과 가치체계가 결합될 때 잠시 정지하고 다른 주제로 이동할 수 있다는 것입니다.

질문 5: 어떤 요인들이 유행이 세대를 넘어갈 때 어떤 영향을 미쳤는지 설명하시오?
답변 5: 주어진 제시문은 크게 두 가지 요인에서 유행이 세대를 넘어갈 때 어떤 영향을 미친다는 것을 언급합니다. 첫 번째 요인은 선조를 따라 모방하려는 욕구와 자신을 표현하고 싶은 성격 욕구가 복합적으로 얽혀 있는 것입니다. 두 번째 요인은 변화라는 개념이 포함된, 새로운 것을 탐닉하는 열정과 동시대 인들에게 대한 모방이 유행을 이끄는 주요한 원리입니다."
19,4,"
Role : ""당신은 대한민국에서 대입 논술 면접 학원을 운영하고 있는 선생님입니다.""
Task : ""당신의 주 업무는 제시문으로부터 새로운 질문을 생성하는 것입니다.
예시 질문을 보여드리겠습니다. 당신은 새로운 제시문이 주어지면, 제시문들의 내용을 파악한 후 이와 유사한 질문을 생성합니다.
모든 질문은 반드시 ""~하시오.""로 끝나야 합니다.""

Format :
""환경정책을 수립할 때 유념해야 할 점에 대한, 글에서의 서로 다른 입장을 비교하시오."",
""글에 등장하는 화자들이 자신의 입장을 각각 어떻게 변호할지 논하시오."",
""제시문의 첫 단락과 마지막 단락에서의 주장의 차이점과 공통점을 설명하시오."",
""글에서 등장하는 화자들의 주장의 차이점과 공통점을 설명하시오.""
","다음 제시문을 보고, 질문과 답변 세트를 4개 생성해야 합니다. 다른 불필요한 문장은 모두 삭제해 주세요.
질문과 답변은 모두 한국어로, 1~2문장으로 구성해주세요.
각 질문들은 서로 다른 형태와 내용으로, 겹치지 않아야 합니다. 질문 부분에는 질문 자체만 생성해주세요.
모든 질문은 반드시 ""~하시오.""로 끝나야 합니다.

생성 형식은

  [""질문 1""
  ""답변 1""
  ""질문 2""
  ""답변 2""
  ""질문 3""
  ""답변 3""
  ""질문 4""
  ""답변 4""]
으로 해야 합니다.

이제 새로운 제시문을 보여드리겠습니다.

""유행은 누구나 가는 길로 가려는 모방 욕구와 자신을 표현하고 싶은 개성 욕구를 동시에 충족시켜주는 매우 독특한 현상이다.
유행을 따름으로써 자신도 주변 사람들과 똑같이 행동하고 있다는 안도감을 얻으려는 심리, 그리고 다른 사람들과 구별되는 만족감을 얻으려는 심리가 복합적으로 얽혀 있는 것이다.
남을 따르고자 하는 욕구나 소망이 결여되는 경우, 아니면 반대로 개성을 드러내려는 욕구가 결여되는 경우 유행의 영역은 더 이상 존재하지 않게 된다.
예를 들면, 모든 개인이 제각각 특수한 존재가 되려 하고 모방을 기피하는 집단에서는 유행이 발생하지 않는다.
1390년경 피렌체에서 남성 복장의 뚜렷한 유행이 존재하지 않았던 이유는 모두가 각자 독특한 방식으로 차려입고자 했기 때문이다.
반면에 유행이 전체를 지배하게 되면, 즉 처음에는 몇몇 사람이 주도했던 일을 예외 없이 모두가 따라 하게 되면, 그것이 옷이든 음악이든 더 이상 유행이라고 부르지 않는다.
유행은 결코 현재 상태에 머물지 않으며 부단히 진행된다.

다른 관점에서는, 옛것이나 선조를 추종하는 경향이 관습의 시대를 지배했다면, 새로운 것을 숭배하고 동시대인들을 모방하려는 경향이 유행의 시대를 특징 짓는다.
이제 사람들은 선조를 닮으려고 하기보다는, 주위 사람들을 닮으려 한다는 것이다.
변화에 대한 애정과 동시대인들에 대한 모방이 유행의 시대를 이끄는 두 가지 중요한 원리이다.
이 원리들에는 선조의 유산을 평가 절하하고 현재의 규범을 중요시하려는 경향이 동반된다.
옛것은 더 이상 존경해야 하는 것으로 여겨지지 않는다.
사람들은 끊임없이 새것을 탐닉하며, 같은 시대에 사는 사람들을 따라 한다.
예를 들면, 근대 유럽의 상류사회는 변화에 대한 열정에 사로잡혀 있었다.
그 열정은 최신 발명품과 이국적 문물에 대한 열망으로 타올랐다. 이탈리아, 스페인, 프랑스가 선도하는 유행을 다른 국가의 상류층 사람들이 앞다퉈 모방하였다.
그들은 새로운 것이면 무엇이든지 뒤쫓아가려고 했고, 가장 최근에 생겨난 변화를 받아들이고자 했다.
중하층 사람들은 다시 상류층의 유행을 모방하였다. 유행은 이런 식으로 사회 전체에 확산하였고, 언제나 새로운 것이 나타날 때마다 그것을 추종하는 상류층에 의해 계속해서 변화하였다.

한편,사람은 사회적인 존재이기 때문에 지위나 역할이 달라지면 자연히 거기에 맞는 행동양식을 하게 된다. 그 행동양식 가운데 하나가 언어 사용이다.
가령,‘엄마, 아빠’와 같은 말은 어린이들의 말이고,‘자네, 댁’과 같은 단어는 어른들의 말이라는 것도 나이에 따른 사회적 행동 양식이 반영된 것이라고 할 수 있다.
이런‘연령 단계’에 의한 언어 차이 외에도, 기성세대와 신세대, 또는 노년층 세대와 청소년층 세대처럼 ‘세대 차이’에 의한 언어 차이도 있을 수 있다.
젊은 세대는 대체로 기성세대와 비교해 볼 때 유행에 민감하고 새로운 변화를 쉽게 받아들인다.
언어에서도 젊은 세대의 이런 특성이 반영된다. 젊은 세대는 ‘반모’(반말 모드), ‘인싸’(무리에 잘 어울려 지내는 사람, 영어 ‘insider’의 의미) 등과 같은 유행어와 신조어를 만드는 주축으로, 대부분의 유행어와 신조어는 자신의 독특한 개성을 표출하려는 젊은 세대를 중심으로 사용된다.
이러한 언어의 유행 현상은 세대 변화에 따른 것이다.""

                ","질문 1: 제시문에서는 유행이 어떤 현상을 나타내며, 그 이유는 무엇인가요. 
답변 1: 제시문은 유행이 사람들의 행동과 욕구를 나타내는 현상이라고 설명합니다. 이는 사람들이 모방 욕구와 자신을 표현하고 싶은 개성 욕구를 동시에 충족시키기 때문입니다. 

질문 2: 유행이 나타나면 어떤 현상이 발생할까요?
답변 2: 유행을 따름으로써 자신은 주변 사람들과 동일하게 행동하는 안도감을 얻으려고 하는 심리 현상은 있지만, 반대로 개성을 드러내려는 욕구가 결여되는 경우 유행의 영역은 더 이상 존재하지 않습니다. 예를 들어, 모든 개인이 제각각 특수한범이 되고 모방을 기피하는 집단에서는 유행이 발생하지 않습니다.

질문 3: 왜 유행은 항상 현재 상태에 머물지 않고 계속해서 변화하는지?
답변 3: 유행은 남녀노소를 포함한 모든 사람들이 새로운 것을 탐내어 어떤 것을 뒤쫓아가려고 하는 열정과 동시에 새로운 것을 수용하고 싶어하는 호기심의 양면이 있는 것이 핵심이다. 따라서, 이전에 유행을 주도했던 사람들은 다른 사람들의 수요에 따라 뒤처지며, 새로운 사람들 대체적으로 유행을 이끌어가는 것이다.

질문 4: 왜 사람들은 유행에 대해 열적으로 반응하는지?
답변 4: 유행이 변화를 추구하는 것을 강조하여, 대중들은 오래된 것에 대한 안도감을 추구하지 않고, 새로움과 혁신을 선호합니다. 이는 혁신적인 제품이나 아이디어 등이 널리 받아들여지는 것과 관련이 있다. 또한, 사람들 사이의 모방 욕구가 작용하기 때문에, 어떤 사람이 새로운 행동을 시도하면 그 행동이 유행이 되어 많은 사람들이 따라하게 된다."
20,3,"
Role : ""당신은 대한민국에서 대입 논술 면접 학원을 운영하고 있는 선생님입니다.""
Task : ""당신의 주 업무는 제시문으로부터 새로운 질문을 생성하는 것입니다.
예시 질문을 보여드리겠습니다. 당신은 새로운 제시문이 주어지면, 제시문들의 내용을 파악한 후 이와 유사한 질문을 생성합니다.
모든 질문은 반드시 ""~하시오.""로 끝나야 합니다.""

Format :
""환경정책을 수립할 때 유념해야 할 점에 대한, 글에서의 서로 다른 입장을 비교하시오."",
""글에 등장하는 화자들이 자신의 입장을 각각 어떻게 변호할지 논하시오."",
""제시문의 첫 단락과 마지막 단락에서의 주장의 차이점과 공통점을 설명하시오."",
""글에서 등장하는 화자들의 주장의 차이점과 공통점을 설명하시오.""
","다음 제시문을 보고, 질문과 답변 세트를 3개 생성해야 합니다. 다른 불필요한 문장은 모두 삭제해 주세요.
질문과 답변은 모두 한국어로, 1~2문장으로 구성해주세요.
각 질문들은 서로 다른 형태와 내용으로, 겹치지 않아야 합니다. 질문 부분에는 질문 자체만 생성해주세요.
모든 질문은 반드시 ""~하시오.""로 끝나야 합니다.

생성 형식은

  [""질문 1""
  ""답변 1""
  ""질문 2""
  ""답변 2""
  ""질문 3""
  ""답변 3""]
으로 해야 합니다.

이제 새로운 제시문을 보여드리겠습니다.

""유행은 누구나 가는 길로 가려는 모방 욕구와 자신을 표현하고 싶은 개성 욕구를 동시에 충족시켜주는 매우 독특한 현상이다.
유행을 따름으로써 자신도 주변 사람들과 똑같이 행동하고 있다는 안도감을 얻으려는 심리, 그리고 다른 사람들과 구별되는 만족감을 얻으려는 심리가 복합적으로 얽혀 있는 것이다.
남을 따르고자 하는 욕구나 소망이 결여되는 경우, 아니면 반대로 개성을 드러내려는 욕구가 결여되는 경우 유행의 영역은 더 이상 존재하지 않게 된다.
예를 들면, 모든 개인이 제각각 특수한 존재가 되려 하고 모방을 기피하는 집단에서는 유행이 발생하지 않는다.
1390년경 피렌체에서 남성 복장의 뚜렷한 유행이 존재하지 않았던 이유는 모두가 각자 독특한 방식으로 차려입고자 했기 때문이다.
반면에 유행이 전체를 지배하게 되면, 즉 처음에는 몇몇 사람이 주도했던 일을 예외 없이 모두가 따라 하게 되면, 그것이 옷이든 음악이든 더 이상 유행이라고 부르지 않는다.
유행은 결코 현재 상태에 머물지 않으며 부단히 진행된다.

다른 관점에서는, 옛것이나 선조를 추종하는 경향이 관습의 시대를 지배했다면, 새로운 것을 숭배하고 동시대인들을 모방하려는 경향이 유행의 시대를 특징 짓는다.
이제 사람들은 선조를 닮으려고 하기보다는, 주위 사람들을 닮으려 한다는 것이다.
변화에 대한 애정과 동시대인들에 대한 모방이 유행의 시대를 이끄는 두 가지 중요한 원리이다.
이 원리들에는 선조의 유산을 평가 절하하고 현재의 규범을 중요시하려는 경향이 동반된다.
옛것은 더 이상 존경해야 하는 것으로 여겨지지 않는다.
사람들은 끊임없이 새것을 탐닉하며, 같은 시대에 사는 사람들을 따라 한다.
예를 들면, 근대 유럽의 상류사회는 변화에 대한 열정에 사로잡혀 있었다.
그 열정은 최신 발명품과 이국적 문물에 대한 열망으로 타올랐다. 이탈리아, 스페인, 프랑스가 선도하는 유행을 다른 국가의 상류층 사람들이 앞다퉈 모방하였다.
그들은 새로운 것이면 무엇이든지 뒤쫓아가려고 했고, 가장 최근에 생겨난 변화를 받아들이고자 했다.
중하층 사람들은 다시 상류층의 유행을 모방하였다. 유행은 이런 식으로 사회 전체에 확산하였고, 언제나 새로운 것이 나타날 때마다 그것을 추종하는 상류층에 의해 계속해서 변화하였다.

한편,사람은 사회적인 존재이기 때문에 지위나 역할이 달라지면 자연히 거기에 맞는 행동양식을 하게 된다. 그 행동양식 가운데 하나가 언어 사용이다.
가령,‘엄마, 아빠’와 같은 말은 어린이들의 말이고,‘자네, 댁’과 같은 단어는 어른들의 말이라는 것도 나이에 따른 사회적 행동 양식이 반영된 것이라고 할 수 있다.
이런‘연령 단계’에 의한 언어 차이 외에도, 기성세대와 신세대, 또는 노년층 세대와 청소년층 세대처럼 ‘세대 차이’에 의한 언어 차이도 있을 수 있다.
젊은 세대는 대체로 기성세대와 비교해 볼 때 유행에 민감하고 새로운 변화를 쉽게 받아들인다.
언어에서도 젊은 세대의 이런 특성이 반영된다. 젊은 세대는 ‘반모’(반말 모드), ‘인싸’(무리에 잘 어울려 지내는 사람, 영어 ‘insider’의 의미) 등과 같은 유행어와 신조어를 만드는 주축으로, 대부분의 유행어와 신조어는 자신의 독특한 개성을 표출하려는 젊은 세대를 중심으로 사용된다.
이러한 언어의 유행 현상은 세대 변화에 따른 것이다.""

                ","질문 1: 유행은 누구에게 좋은 것일까요?/~하시오.
답변 1: 유행은 대중에게 좋은 것입니다. 유행은 많은 사람들의 행동과 취향에 영향을 미치고, 그들 사이의 공동체적인 연결을 형성합니다. 이를 통해 사람들은 주변 사람들과 함께 소속감을 느끼며, 삶의 흥미를 잃는 것을 막아줍니다."
21,3,"
Role : ""당신은 대한민국에서 대입 논술 면접 학원을 운영하고 있는 선생님입니다.""
Task : ""당신의 주 업무는 제시문으로부터 새로운 질문을 생성하는 것입니다.
예시 질문을 보여드리겠습니다. 당신은 새로운 제시문이 주어지면, 제시문들의 내용을 파악한 후 이와 유사한 질문을 생성합니다.
모든 질문은 반드시 ""~하시오.""로 끝나야 합니다.""

Format :
""환경정책을 수립할 때 유념해야 할 점에 대한, 글에서의 서로 다른 입장을 비교하시오."",
""글에 등장하는 화자들이 자신의 입장을 각각 어떻게 변호할지 논하시오."",
""제시문의 첫 단락과 마지막 단락에서의 주장의 차이점과 공통점을 설명하시오."",
""글에서 등장하는 화자들의 주장의 차이점과 공통점을 설명하시오.""
","다음 제시문을 보고, 질문과 답변 세트를 3개 생성해야 합니다. 다른 불필요한 문장은 모두 삭제해 주세요.
질문과 답변은 모두 한국어로, 1~2문장으로 구성해주세요.
각 질문들은 서로 다른 형태와 내용으로, 겹치지 않아야 합니다. 질문 부분에는 질문 자체만 생성해주세요.
모든 질문은 반드시 ""~하시오.""로 끝나야 합니다.

생성 형식은

  [""질문 1""
  ""답변 1""
  ""질문 2""
  ""답변 2""
  ""질문 3""
  ""답변 3""]
으로 해야 합니다.

이제 새로운 제시문을 보여드리겠습니다.

""유행은 누구나 가는 길로 가려는 모방 욕구와 자신을 표현하고 싶은 개성 욕구를 동시에 충족시켜주는 매우 독특한 현상이다.
유행을 따름으로써 자신도 주변 사람들과 똑같이 행동하고 있다는 안도감을 얻으려는 심리, 그리고 다른 사람들과 구별되는 만족감을 얻으려는 심리가 복합적으로 얽혀 있는 것이다.
남을 따르고자 하는 욕구나 소망이 결여되는 경우, 아니면 반대로 개성을 드러내려는 욕구가 결여되는 경우 유행의 영역은 더 이상 존재하지 않게 된다.
예를 들면, 모든 개인이 제각각 특수한 존재가 되려 하고 모방을 기피하는 집단에서는 유행이 발생하지 않는다.
1390년경 피렌체에서 남성 복장의 뚜렷한 유행이 존재하지 않았던 이유는 모두가 각자 독특한 방식으로 차려입고자 했기 때문이다.
반면에 유행이 전체를 지배하게 되면, 즉 처음에는 몇몇 사람이 주도했던 일을 예외 없이 모두가 따라 하게 되면, 그것이 옷이든 음악이든 더 이상 유행이라고 부르지 않는다.
유행은 결코 현재 상태에 머물지 않으며 부단히 진행된다.

다른 관점에서는, 옛것이나 선조를 추종하는 경향이 관습의 시대를 지배했다면, 새로운 것을 숭배하고 동시대인들을 모방하려는 경향이 유행의 시대를 특징 짓는다.
이제 사람들은 선조를 닮으려고 하기보다는, 주위 사람들을 닮으려 한다는 것이다.
변화에 대한 애정과 동시대인들에 대한 모방이 유행의 시대를 이끄는 두 가지 중요한 원리이다.
이 원리들에는 선조의 유산을 평가 절하하고 현재의 규범을 중요시하려는 경향이 동반된다.
옛것은 더 이상 존경해야 하는 것으로 여겨지지 않는다.
사람들은 끊임없이 새것을 탐닉하며, 같은 시대에 사는 사람들을 따라 한다.
예를 들면, 근대 유럽의 상류사회는 변화에 대한 열정에 사로잡혀 있었다.
그 열정은 최신 발명품과 이국적 문물에 대한 열망으로 타올랐다. 이탈리아, 스페인, 프랑스가 선도하는 유행을 다른 국가의 상류층 사람들이 앞다퉈 모방하였다.
그들은 새로운 것이면 무엇이든지 뒤쫓아가려고 했고, 가장 최근에 생겨난 변화를 받아들이고자 했다.
중하층 사람들은 다시 상류층의 유행을 모방하였다. 유행은 이런 식으로 사회 전체에 확산하였고, 언제나 새로운 것이 나타날 때마다 그것을 추종하는 상류층에 의해 계속해서 변화하였다.

한편,사람은 사회적인 존재이기 때문에 지위나 역할이 달라지면 자연히 거기에 맞는 행동양식을 하게 된다. 그 행동양식 가운데 하나가 언어 사용이다.
가령,‘엄마, 아빠’와 같은 말은 어린이들의 말이고,‘자네, 댁’과 같은 단어는 어른들의 말이라는 것도 나이에 따른 사회적 행동 양식이 반영된 것이라고 할 수 있다.
이런‘연령 단계’에 의한 언어 차이 외에도, 기성세대와 신세대, 또는 노년층 세대와 청소년층 세대처럼 ‘세대 차이’에 의한 언어 차이도 있을 수 있다.
젊은 세대는 대체로 기성세대와 비교해 볼 때 유행에 민감하고 새로운 변화를 쉽게 받아들인다.
언어에서도 젊은 세대의 이런 특성이 반영된다. 젊은 세대는 ‘반모’(반말 모드), ‘인싸’(무리에 잘 어울려 지내는 사람, 영어 ‘insider’의 의미) 등과 같은 유행어와 신조어를 만드는 주축으로, 대부분의 유행어와 신조어는 자신의 독특한 개성을 표출하려는 젊은 세대를 중심으로 사용된다.
이러한 언어의 유행 현상은 세대 변화에 따른 것이다.""

                ","질문 1: 유행은 어떤 특징을 가지고 있나요? 어떤 유형의 집단에서는 유행이 발생하지 않을까요?
답변 1: 유행은 모방 욕구와 자신을 표현하고 싶은 개성 욕구를 동시에 충족시키는 매우 독특한 현상입니다.유행을 따름으로써 자신이 주변 사람들과 똑같이 행동하고 있다는 안도감을 얻으려고 하는 심리, 그리고 다른 사람들과 구별되는 만족감을 얻으려고 하는 심리가 복합적으로 얽혀 있습니다.

질문 2: 유행이 나타난다는 것은 어떤 사회적 변화 현상이 일어나는 걸까요? 예시를 들어보겠습니다.
답변 2: 유행은 사회적인 존재이기 때문에, 새로운 것이 나타날 때마다 이를 따라 따르는 사람들이 늘어나고, 기존의 규범을 중요시하는 경향이 이어져 온 것입니다. 예를 들어, 근대 유럽의 상류사회는 변화에 대한 열정에 사로잡혀 있었으며, 이탈리아, 스페인, 프랑스가 선도하는 유행을 다른 국가의 상류층 사람들이 앞다냥으로 모방하였습니다.

질문 3: 어떤 세대에 의해 주도되는 유행 변화는 어떤 특징을 가지고 있나요? 예시를 들어보겠습니다.
답변 3: 젊은 세대가 주축이 되어 유행 변화를 이끄는 경우가 많습니다. 이들은 새로운 것을 탐색하고, 쉽게 받아들이며, 다양성과 개성을 존중하는 경향이 있습니다. 이에 따라, 많은 경우 유행에서 기존의 규범과 다른, 독특한 언어와 스타일이 채택됩니다."
22,3,"
Role : ""당신은 대한민국에서 대입 논술 면접 학원을 운영하고 있는 선생님입니다.""
Task : ""당신의 주 업무는 제시문으로부터 새로운 질문을 생성하는 것입니다.
예시 질문을 보여드리겠습니다. 당신은 새로운 제시문이 주어지면, 제시문들의 내용을 파악한 후 이와 유사한 질문을 생성합니다.
모든 질문은 반드시 ""~하시오.""로 끝나야 합니다.""

Format :
""환경정책을 수립할 때 유념해야 할 점에 대한, 글에서의 서로 다른 입장을 비교하시오."",
""글에 등장하는 화자들이 자신의 입장을 각각 어떻게 변호할지 논하시오."",
""제시문의 첫 단락과 마지막 단락에서의 주장의 차이점과 공통점을 설명하시오."",
""글에서 등장하는 화자들의 주장의 차이점과 공통점을 설명하시오.""
","다음 제시문을 보고, 질문과 답변 세트를 3개 생성해야 합니다. 다른 불필요한 문장은 모두 삭제해 주세요.
질문과 답변은 모두 한국어로, 1~2문장으로 구성해주세요.
각 질문들은 서로 다른 형태와 내용으로, 겹치지 않아야 합니다. 질문 부분에는 질문 자체만 생성해주세요.
모든 질문은 반드시 ""~하시오.""로 끝나야 합니다.

생성 형식은

  [""질문 1""
  ""답변 1""
  ""질문 2""
  ""답변 2""
  ""질문 3""
  ""답변 3""]
으로 해야 합니다.

이제 새로운 제시문을 보여드리겠습니다.

""유행은 누구나 가는 길로 가려는 모방 욕구와 자신을 표현하고 싶은 개성 욕구를 동시에 충족시켜주는 매우 독특한 현상이다.
유행을 따름으로써 자신도 주변 사람들과 똑같이 행동하고 있다는 안도감을 얻으려는 심리, 그리고 다른 사람들과 구별되는 만족감을 얻으려는 심리가 복합적으로 얽혀 있는 것이다.
남을 따르고자 하는 욕구나 소망이 결여되는 경우, 아니면 반대로 개성을 드러내려는 욕구가 결여되는 경우 유행의 영역은 더 이상 존재하지 않게 된다.
예를 들면, 모든 개인이 제각각 특수한 존재가 되려 하고 모방을 기피하는 집단에서는 유행이 발생하지 않는다.
1390년경 피렌체에서 남성 복장의 뚜렷한 유행이 존재하지 않았던 이유는 모두가 각자 독특한 방식으로 차려입고자 했기 때문이다.
반면에 유행이 전체를 지배하게 되면, 즉 처음에는 몇몇 사람이 주도했던 일을 예외 없이 모두가 따라 하게 되면, 그것이 옷이든 음악이든 더 이상 유행이라고 부르지 않는다.
유행은 결코 현재 상태에 머물지 않으며 부단히 진행된다.

다른 관점에서는, 옛것이나 선조를 추종하는 경향이 관습의 시대를 지배했다면, 새로운 것을 숭배하고 동시대인들을 모방하려는 경향이 유행의 시대를 특징 짓는다.
이제 사람들은 선조를 닮으려고 하기보다는, 주위 사람들을 닮으려 한다는 것이다.
변화에 대한 애정과 동시대인들에 대한 모방이 유행의 시대를 이끄는 두 가지 중요한 원리이다.
이 원리들에는 선조의 유산을 평가 절하하고 현재의 규범을 중요시하려는 경향이 동반된다.
옛것은 더 이상 존경해야 하는 것으로 여겨지지 않는다.
사람들은 끊임없이 새것을 탐닉하며, 같은 시대에 사는 사람들을 따라 한다.
예를 들면, 근대 유럽의 상류사회는 변화에 대한 열정에 사로잡혀 있었다.
그 열정은 최신 발명품과 이국적 문물에 대한 열망으로 타올랐다. 이탈리아, 스페인, 프랑스가 선도하는 유행을 다른 국가의 상류층 사람들이 앞다퉈 모방하였다.
그들은 새로운 것이면 무엇이든지 뒤쫓아가려고 했고, 가장 최근에 생겨난 변화를 받아들이고자 했다.
중하층 사람들은 다시 상류층의 유행을 모방하였다. 유행은 이런 식으로 사회 전체에 확산하였고, 언제나 새로운 것이 나타날 때마다 그것을 추종하는 상류층에 의해 계속해서 변화하였다.

한편,사람은 사회적인 존재이기 때문에 지위나 역할이 달라지면 자연히 거기에 맞는 행동양식을 하게 된다. 그 행동양식 가운데 하나가 언어 사용이다.
가령,‘엄마, 아빠’와 같은 말은 어린이들의 말이고,‘자네, 댁’과 같은 단어는 어른들의 말이라는 것도 나이에 따른 사회적 행동 양식이 반영된 것이라고 할 수 있다.
이런‘연령 단계’에 의한 언어 차이 외에도, 기성세대와 신세대, 또는 노년층 세대와 청소년층 세대처럼 ‘세대 차이’에 의한 언어 차이도 있을 수 있다.
젊은 세대는 대체로 기성세대와 비교해 볼 때 유행에 민감하고 새로운 변화를 쉽게 받아들인다.
언어에서도 젊은 세대의 이런 특성이 반영된다. 젊은 세대는 ‘반모’(반말 모드), ‘인싸’(무리에 잘 어울려 지내는 사람, 영어 ‘insider’의 의미) 등과 같은 유행어와 신조어를 만드는 주축으로, 대부분의 유행어와 신조어는 자신의 독특한 개성을 표출하려는 젊은 세대를 중심으로 사용된다.
이러한 언어의 유행 현상은 세대 변화에 따른 것이다.""

                ","질문 1: 유념해야 할 점에 대한, 제시문에서의 서로 다른 입장을 비교하시오.
답변 1: 제시문에서는 유행이 어떤 현상인지 설명하고 있으며, 이를 통해 서로 다른 입장을 비교하고자 하는 의도가 담겨 있습니다. 

질문 2: 제시문에서 언급된 여러 요인들이 유행의 현상을 어떻게 유발하는지 설명하십시오.
답변 2: 제시문에서는 유행이 피렌체에서 발생한 원인을 다루고 있으며, 이는 사람들이 고유한 방식으로 차려입기를 원하고, 모방을 기피하는 집합체에서는 유행이 발생하지 않는다는 것을 보여줍니다.

질문 3: 어떤 요인이 유행의 생명주기를 어떻게 영향을 미치는지 설명하십시오.
답변 3: 제시문에서는 유행이 끊임없이 새로운 것을 탐닉하며, 같은 시대에 사는 사람들을 따라한다는 이야기가 있습니다. 이는 변화를 수용하고, 새로운 것을 모방하는 사람들의 열정과 관심에서 비롯된 것으로 보입니다."
23,3,"
Role : ""당신은 대한민국에서 대입 논술 면접 학원을 운영하고 있는 선생님입니다.""
Task : ""당신의 주 업무는 제시문으로부터 새로운 질문을 생성하는 것입니다.
예시 질문을 보여드리겠습니다. 당신은 새로운 제시문이 주어지면, 제시문들의 내용을 파악한 후 이와 유사한 질문을 생성합니다.
모든 질문은 반드시 ""~하시오.""로 끝나야 합니다.""

Format :
""환경정책을 수립할 때 유념해야 할 점에 대한, 글에서의 서로 다른 입장을 비교하시오."",
""글에 등장하는 화자들이 자신의 입장을 각각 어떻게 변호할지 논하시오."",
""제시문의 첫 단락과 마지막 단락에서의 주장의 차이점과 공통점을 설명하시오."",
""글에서 등장하는 화자들의 주장의 차이점과 공통점을 설명하시오.""
","다음 제시문을 보고, 질문과 답변 세트를 3개 생성해야 합니다. 다른 불필요한 문장은 모두 삭제해 주세요.
질문과 답변은 모두 한국어로, 1~2문장으로 구성해주세요.
각 질문들은 서로 다른 형태와 내용으로, 겹치지 않아야 합니다. 질문 부분에는 질문 자체만 생성해주세요.
모든 질문은 반드시 ""~하시오.""로 끝나야 합니다.

생성 형식은

  [""질문 1""
  ""답변 1""
  ""질문 2""
  ""답변 2""
  ""질문 3""
  ""답변 3""]
으로 해야 합니다.

이제 새로운 제시문을 보여드리겠습니다.

""유행은 누구나 가는 길로 가려는 모방 욕구와 자신을 표현하고 싶은 개성 욕구를 동시에 충족시켜주는 매우 독특한 현상이다.
유행을 따름으로써 자신도 주변 사람들과 똑같이 행동하고 있다는 안도감을 얻으려는 심리, 그리고 다른 사람들과 구별되는 만족감을 얻으려는 심리가 복합적으로 얽혀 있는 것이다.
남을 따르고자 하는 욕구나 소망이 결여되는 경우, 아니면 반대로 개성을 드러내려는 욕구가 결여되는 경우 유행의 영역은 더 이상 존재하지 않게 된다.
예를 들면, 모든 개인이 제각각 특수한 존재가 되려 하고 모방을 기피하는 집단에서는 유행이 발생하지 않는다.
1390년경 피렌체에서 남성 복장의 뚜렷한 유행이 존재하지 않았던 이유는 모두가 각자 독특한 방식으로 차려입고자 했기 때문이다.
반면에 유행이 전체를 지배하게 되면, 즉 처음에는 몇몇 사람이 주도했던 일을 예외 없이 모두가 따라 하게 되면, 그것이 옷이든 음악이든 더 이상 유행이라고 부르지 않는다.
유행은 결코 현재 상태에 머물지 않으며 부단히 진행된다.

다른 관점에서는, 옛것이나 선조를 추종하는 경향이 관습의 시대를 지배했다면, 새로운 것을 숭배하고 동시대인들을 모방하려는 경향이 유행의 시대를 특징 짓는다.
이제 사람들은 선조를 닮으려고 하기보다는, 주위 사람들을 닮으려 한다는 것이다.
변화에 대한 애정과 동시대인들에 대한 모방이 유행의 시대를 이끄는 두 가지 중요한 원리이다.
이 원리들에는 선조의 유산을 평가 절하하고 현재의 규범을 중요시하려는 경향이 동반된다.
옛것은 더 이상 존경해야 하는 것으로 여겨지지 않는다.
사람들은 끊임없이 새것을 탐닉하며, 같은 시대에 사는 사람들을 따라 한다.
예를 들면, 근대 유럽의 상류사회는 변화에 대한 열정에 사로잡혀 있었다.
그 열정은 최신 발명품과 이국적 문물에 대한 열망으로 타올랐다. 이탈리아, 스페인, 프랑스가 선도하는 유행을 다른 국가의 상류층 사람들이 앞다퉈 모방하였다.
그들은 새로운 것이면 무엇이든지 뒤쫓아가려고 했고, 가장 최근에 생겨난 변화를 받아들이고자 했다.
중하층 사람들은 다시 상류층의 유행을 모방하였다. 유행은 이런 식으로 사회 전체에 확산하였고, 언제나 새로운 것이 나타날 때마다 그것을 추종하는 상류층에 의해 계속해서 변화하였다.

한편,사람은 사회적인 존재이기 때문에 지위나 역할이 달라지면 자연히 거기에 맞는 행동양식을 하게 된다. 그 행동양식 가운데 하나가 언어 사용이다.
가령,‘엄마, 아빠’와 같은 말은 어린이들의 말이고,‘자네, 댁’과 같은 단어는 어른들의 말이라는 것도 나이에 따른 사회적 행동 양식이 반영된 것이라고 할 수 있다.
이런‘연령 단계’에 의한 언어 차이 외에도, 기성세대와 신세대, 또는 노년층 세대와 청소년층 세대처럼 ‘세대 차이’에 의한 언어 차이도 있을 수 있다.
젊은 세대는 대체로 기성세대와 비교해 볼 때 유행에 민감하고 새로운 변화를 쉽게 받아들인다.
언어에서도 젊은 세대의 이런 특성이 반영된다. 젊은 세대는 ‘반모’(반말 모드), ‘인싸’(무리에 잘 어울려 지내는 사람, 영어 ‘insider’의 의미) 등과 같은 유행어와 신조어를 만드는 주축으로, 대부분의 유행어와 신조어는 자신의 독특한 개성을 표출하려는 젊은 세대를 중심으로 사용된다.
이러한 언어의 유행 현상은 세대 변화에 따른 것이다.""

                ","질문 1: 주어진 텍스트에서 언급된 현상에 대한 이름 ~하시오.
답변 1: 주어진 텍스트에서 언급된 현상은 '유행'입니다."
24,3,"
Role : ""당신은 대한민국에서 대입 논술 면접 학원을 운영하고 있는 선생님입니다.""
Task : ""당신의 주 업무는 제시문으로부터 새로운 질문을 생성하는 것입니다.
예시 질문을 보여드리겠습니다. 당신은 새로운 제시문이 주어지면, 제시문들의 내용을 파악한 후 이와 유사한 질문을 생성합니다.
모든 질문은 반드시 ""~하시오.""로 끝나야 합니다.""

Format :
""환경정책을 수립할 때 유념해야 할 점에 대한, 글에서의 서로 다른 입장을 비교하시오."",
""글에 등장하는 화자들이 자신의 입장을 각각 어떻게 변호할지 논하시오."",
""제시문의 첫 단락과 마지막 단락에서의 주장의 차이점과 공통점을 설명하시오."",
""글에서 등장하는 화자들의 주장의 차이점과 공통점을 설명하시오.""
","다음 제시문을 보고, 질문과 답변 세트를 3개 생성해야 합니다. 다른 불필요한 문장은 모두 삭제해 주세요.
질문과 답변은 모두 한국어로, 1~2문장으로 구성해주세요.
각 질문들은 서로 다른 형태와 내용으로, 겹치지 않아야 합니다. 질문 부분에는 질문 자체만 생성해주세요.
모든 질문은 반드시 ""~하시오.""로 끝나야 합니다.

생성 형식은

  [""질문 1""
  ""답변 1""
  ""질문 2""
  ""답변 2""
  ""질문 3""
  ""답변 3""]
으로 해야 합니다.

이제 새로운 제시문을 보여드리겠습니다.

""유행은 누구나 가는 길로 가려는 모방 욕구와 자신을 표현하고 싶은 개성 욕구를 동시에 충족시켜주는 매우 독특한 현상이다.
유행을 따름으로써 자신도 주변 사람들과 똑같이 행동하고 있다는 안도감을 얻으려는 심리, 그리고 다른 사람들과 구별되는 만족감을 얻으려는 심리가 복합적으로 얽혀 있는 것이다.
남을 따르고자 하는 욕구나 소망이 결여되는 경우, 아니면 반대로 개성을 드러내려는 욕구가 결여되는 경우 유행의 영역은 더 이상 존재하지 않게 된다.
예를 들면, 모든 개인이 제각각 특수한 존재가 되려 하고 모방을 기피하는 집단에서는 유행이 발생하지 않는다.
1390년경 피렌체에서 남성 복장의 뚜렷한 유행이 존재하지 않았던 이유는 모두가 각자 독특한 방식으로 차려입고자 했기 때문이다.
반면에 유행이 전체를 지배하게 되면, 즉 처음에는 몇몇 사람이 주도했던 일을 예외 없이 모두가 따라 하게 되면, 그것이 옷이든 음악이든 더 이상 유행이라고 부르지 않는다.
유행은 결코 현재 상태에 머물지 않으며 부단히 진행된다.

다른 관점에서는, 옛것이나 선조를 추종하는 경향이 관습의 시대를 지배했다면, 새로운 것을 숭배하고 동시대인들을 모방하려는 경향이 유행의 시대를 특징 짓는다.
이제 사람들은 선조를 닮으려고 하기보다는, 주위 사람들을 닮으려 한다는 것이다.
변화에 대한 애정과 동시대인들에 대한 모방이 유행의 시대를 이끄는 두 가지 중요한 원리이다.
이 원리들에는 선조의 유산을 평가 절하하고 현재의 규범을 중요시하려는 경향이 동반된다.
옛것은 더 이상 존경해야 하는 것으로 여겨지지 않는다.
사람들은 끊임없이 새것을 탐닉하며, 같은 시대에 사는 사람들을 따라 한다.
예를 들면, 근대 유럽의 상류사회는 변화에 대한 열정에 사로잡혀 있었다.
그 열정은 최신 발명품과 이국적 문물에 대한 열망으로 타올랐다. 이탈리아, 스페인, 프랑스가 선도하는 유행을 다른 국가의 상류층 사람들이 앞다퉈 모방하였다.
그들은 새로운 것이면 무엇이든지 뒤쫓아가려고 했고, 가장 최근에 생겨난 변화를 받아들이고자 했다.
중하층 사람들은 다시 상류층의 유행을 모방하였다. 유행은 이런 식으로 사회 전체에 확산하였고, 언제나 새로운 것이 나타날 때마다 그것을 추종하는 상류층에 의해 계속해서 변화하였다.

한편,사람은 사회적인 존재이기 때문에 지위나 역할이 달라지면 자연히 거기에 맞는 행동양식을 하게 된다. 그 행동양식 가운데 하나가 언어 사용이다.
가령,‘엄마, 아빠’와 같은 말은 어린이들의 말이고,‘자네, 댁’과 같은 단어는 어른들의 말이라는 것도 나이에 따른 사회적 행동 양식이 반영된 것이라고 할 수 있다.
이런‘연령 단계’에 의한 언어 차이 외에도, 기성세대와 신세대, 또는 노년층 세대와 청소년층 세대처럼 ‘세대 차이’에 의한 언어 차이도 있을 수 있다.
젊은 세대는 대체로 기성세대와 비교해 볼 때 유행에 민감하고 새로운 변화를 쉽게 받아들인다.
언어에서도 젊은 세대의 이런 특성이 반영된다. 젊은 세대는 ‘반모’(반말 모드), ‘인싸’(무리에 잘 어울려 지내는 사람, 영어 ‘insider’의 의미) 등과 같은 유행어와 신조어를 만드는 주축으로, 대부분의 유행어와 신조어는 자신의 독특한 개성을 표출하려는 젊은 세대를 중심으로 사용된다.
이러한 언어의 유행 현상은 세대 변화에 따른 것이다.""

                ","질문 1: 주어진 제시문을 분석하여, 선조와 유행에 대한 이해와 그 특징에 대한 설명을 생성하시오.
답변 1: 주어진 제시문은 유행과 선조에 대한 이해를 담고 있습니다. 유행은 사람들 사이의 모방 욕구와 자신을 표현하고 싶은 개성 욕구를 동시에 충족시키는 독특한 현상입니다. 이는 사람들이 현재 패션, 음악, 문화 등의 유행을 따르는 행동을 의미합니다. 반면 선조는 특별한 것을 추구하거나 존경하는 경향을 말합니다. 사람들은 선조를 따라하기 때문에, 유행이 생기게 되는데, 유행이 정착되면 모든 사람들은 그 유행을 따른다고 합니다.

질문 2: 제시문 중에서 여러 가지 예시를 통해 유행과 선조의 특징을 설명해 주세요.
답변 2: 주어진 제시문은 다양한 예시를 통해 유행과 선지의 특성을 설명하고 있습니다. 예를 들어, 1390년경 피렌체에서 남성 복장의 뚜렷한 유행이 존재하지 않았던 이유는 모든 개인이 제각각 특수한 것이 되고 모방을 기피하는 집단에서는 유행이 발생하지 않는다는 것입니다. 또한, 유행이 이어지는 과정에서 사람들은 선조를 따라하던 경향이 변화하면서 새로운 것을 숭배하고 동시대 사람들을 모방하려는 문화가 유행의 시대를 이끌게 됩니다.

질문 3: 마지막으로, 유행과 선조에 대한 이해와 그 특징에 대한 설명을 생성해 주세요.
답변 3: 주어진 제시문은 유행과 선조에 대한 이해를 담고 있습니다. 유행은 지금이 순간적으로 유행하는 것들에 대한 열정과 새로운 것을 탐욕하는 경향이 주된 요소입니다. 사람들은 끊임없이 새것을 찾으며, 같은 시대에 사는 사람들을 따라 한다. 이는 근대 유럽의 상류사회에서도 확인되는데, 이탈리아, 스페인, 프랑스가 이끌어가는 유행을 다른 국가의 상류층 사람들이 앞다냥으로 모방 하였다. 반면 선조는 특별한 것을 추구하는 경향을 의미합니다. 사람들은 선조를 존중하며 그것이 사회적으로 용인되는 것으로 여겨지지만, 지금은 더 이상 선조가 존경되지 않기 때문에 이를 극복하기 위한 방편으로 유행을 찾는 경향이 있다."
25,5,"
Role : ""당신은 대한민국에서 대입 논술 면접 학원을 운영하고 있는 선생님입니다.""
Task : ""당신의 주 업무는 제시문으로부터 새로운 질문을 생성하는 것입니다.
예시 질문을 보여드리겠습니다. 당신은 새로운 제시문이 주어지면, 제시문들의 내용을 파악한 후 이와 유사한 질문을 생성합니다.
모든 질문은 반드시 ""~하시오.""로 끝나야 합니다.""

Format :
""환경정책을 수립할 때 유념해야 할 점에 대한, 글에서의 서로 다른 입장을 비교하시오."",
""글에 등장하는 화자들이 자신의 입장을 각각 어떻게 변호할지 논하시오."",
""제시문의 첫 단락과 마지막 단락에서의 주장의 차이점과 공통점을 설명하시오."",
""글에서 등장하는 화자들의 주장의 차이점과 공통점을 설명하시오.""
","다음 제시문을 보고, 질문과 답변 세트를 5개 생성해야 합니다. 다른 불필요한 문장은 모두 삭제해 주세요.
질문과 답변은 모두 한국어로, 1~2문장으로 구성해주세요.
각 질문들은 서로 다른 형태와 내용으로, 겹치지 않아야 합니다. 질문 부분에는 질문 자체만 생성해주세요.
모든 질문은 반드시 ""~하시오.""로 끝나야 합니다.

생성 형식은

  [""질문 1""
  ""답변 1""
  ""질문 2""
  ""답변 2""
  ""질문 3""
  ""답변 3""
  ""질문 4""
  ""답변 4""
  ""질문 5""
  ""답변 5""]
으로 해야 합니다.

이제 새로운 제시문을 보여드리겠습니다.

""유행은 누구나 가는 길로 가려는 모방 욕구와 자신을 표현하고 싶은 개성 욕구를 동시에 충족시켜주는 매우 독특한 현상이다.
유행을 따름으로써 자신도 주변 사람들과 똑같이 행동하고 있다는 안도감을 얻으려는 심리, 그리고 다른 사람들과 구별되는 만족감을 얻으려는 심리가 복합적으로 얽혀 있는 것이다.
남을 따르고자 하는 욕구나 소망이 결여되는 경우, 아니면 반대로 개성을 드러내려는 욕구가 결여되는 경우 유행의 영역은 더 이상 존재하지 않게 된다.
예를 들면, 모든 개인이 제각각 특수한 존재가 되려 하고 모방을 기피하는 집단에서는 유행이 발생하지 않는다.
1390년경 피렌체에서 남성 복장의 뚜렷한 유행이 존재하지 않았던 이유는 모두가 각자 독특한 방식으로 차려입고자 했기 때문이다.
반면에 유행이 전체를 지배하게 되면, 즉 처음에는 몇몇 사람이 주도했던 일을 예외 없이 모두가 따라 하게 되면, 그것이 옷이든 음악이든 더 이상 유행이라고 부르지 않는다.
유행은 결코 현재 상태에 머물지 않으며 부단히 진행된다.

다른 관점에서는, 옛것이나 선조를 추종하는 경향이 관습의 시대를 지배했다면, 새로운 것을 숭배하고 동시대인들을 모방하려는 경향이 유행의 시대를 특징 짓는다.
이제 사람들은 선조를 닮으려고 하기보다는, 주위 사람들을 닮으려 한다는 것이다.
변화에 대한 애정과 동시대인들에 대한 모방이 유행의 시대를 이끄는 두 가지 중요한 원리이다.
이 원리들에는 선조의 유산을 평가 절하하고 현재의 규범을 중요시하려는 경향이 동반된다.
옛것은 더 이상 존경해야 하는 것으로 여겨지지 않는다.
사람들은 끊임없이 새것을 탐닉하며, 같은 시대에 사는 사람들을 따라 한다.
예를 들면, 근대 유럽의 상류사회는 변화에 대한 열정에 사로잡혀 있었다.
그 열정은 최신 발명품과 이국적 문물에 대한 열망으로 타올랐다. 이탈리아, 스페인, 프랑스가 선도하는 유행을 다른 국가의 상류층 사람들이 앞다퉈 모방하였다.
그들은 새로운 것이면 무엇이든지 뒤쫓아가려고 했고, 가장 최근에 생겨난 변화를 받아들이고자 했다.
중하층 사람들은 다시 상류층의 유행을 모방하였다. 유행은 이런 식으로 사회 전체에 확산하였고, 언제나 새로운 것이 나타날 때마다 그것을 추종하는 상류층에 의해 계속해서 변화하였다.

한편,사람은 사회적인 존재이기 때문에 지위나 역할이 달라지면 자연히 거기에 맞는 행동양식을 하게 된다. 그 행동양식 가운데 하나가 언어 사용이다.
가령,‘엄마, 아빠’와 같은 말은 어린이들의 말이고,‘자네, 댁’과 같은 단어는 어른들의 말이라는 것도 나이에 따른 사회적 행동 양식이 반영된 것이라고 할 수 있다.
이런‘연령 단계’에 의한 언어 차이 외에도, 기성세대와 신세대, 또는 노년층 세대와 청소년층 세대처럼 ‘세대 차이’에 의한 언어 차이도 있을 수 있다.
젊은 세대는 대체로 기성세대와 비교해 볼 때 유행에 민감하고 새로운 변화를 쉽게 받아들인다.
언어에서도 젊은 세대의 이런 특성이 반영된다. 젊은 세대는 ‘반모’(반말 모드), ‘인싸’(무리에 잘 어울려 지내는 사람, 영어 ‘insider’의 의미) 등과 같은 유행어와 신조어를 만드는 주축으로, 대부분의 유행어와 신조어는 자신의 독특한 개성을 표출하려는 젊은 세대를 중심으로 사용된다.
이러한 언어의 유행 현상은 세대 변화에 따른 것이다.""

                ","질문 1: 유행은 어떤 심리적 원인과 사회적 현상일까요?
답변 1: 유행은 모방 욕구와 자신을 표현하고 싶은 개성 욕구를 동시에 충족시키는 매우 독특한 현상입니다. 사람들 사이에서는 안도감과 만족감을 느끼기 위해 유행을 따르고자 합니다.

질문 2: 유행이 나타나면 어떤 사회적 변화를 가져올 수 있나요?
답변 2: 유행은 새로운 것을 따라 하고, 변화를 수용하는 태도를 가진 사람들에게 큰 영향을 미칩니다. 유행이 확산되면 기존의 관습과 규칙이 깨지고, 새로운 행동 양식들이 생겨납니다.

질문 3: 왜 사람들은 유행에 민감한가요?
답변 3: 사람들은 자신들을 다른 사람들과 동일하게 만들고자 하는 욕망을 가지고 있습니다. 유행을 따라하면 자신이 주변 사람들과 다르다는 것을 느낄 수 있고, 이를 통해 자신감의 상승과 안도감을 얻을 수 있습니다.

질문 4: 어떤 요인들이 유행의 생겨나는 과정을 형성할까요?
답변 4: 유행은 주로 변화에 대한 애정과 동시대인들에 대한 모방의 원리가 있습니다. 새로운 것이 생기면 사람들은 그 변화를 수용하고, 같은 시대에 사는 사람들을 따라하게 됩니다.

질문 5: 왜 언어에서도 유행이 나타나는 것일까요?
답변 5: 말은 사회적인 존재이기 때문에, 역할에 따라 달라지는 행동 양식에서 언어 사용도 영향을 받습니다. 세대에 따라 사용되는 언어의 형태와 표현 방식은 사회적인 변동과 연관되어 있으며, 젊은 세대는 새로운 유행어와 조어 등을 만들어 내는 주축입니다."
26,3,"
Role : ""당신은 대한민국에서 대입 논술 면접 학원을 운영하고 있는 선생님입니다.""
Task : ""당신의 주 업무는 제시문으로부터 새로운 질문을 생성하는 것입니다.
예시 질문을 보여드리겠습니다. 당신은 새로운 제시문이 주어지면, 제시문들의 내용을 파악한 후 이와 유사한 질문을 생성합니다.
모든 질문은 반드시 ""~하시오.""로 끝나야 합니다.""

Format :
""환경정책을 수립할 때 유념해야 할 점에 대한, 글에서의 서로 다른 입장을 비교하시오."",
""글에 등장하는 화자들이 자신의 입장을 각각 어떻게 변호할지 논하시오."",
""제시문의 첫 단락과 마지막 단락에서의 주장의 차이점과 공통점을 설명하시오."",
""글에서 등장하는 화자들의 주장의 차이점과 공통점을 설명하시오.""
","다음 제시문을 보고, 질문과 답변 세트를 3개 생성해야 합니다. 다른 불필요한 문장은 모두 삭제해 주세요.
질문과 답변은 모두 한국어로, 1~2문장으로 구성해주세요.
각 질문들은 서로 다른 형태와 내용으로, 겹치지 않아야 합니다. 질문 부분에는 질문 자체만 생성해주세요.
모든 질문은 반드시 ""~하시오.""로 끝나야 합니다.

생성 형식은

  [""질문 1""
  ""답변 1""
  ""질문 2""
  ""답변 2""
  ""질문 3""
  ""답변 3""]
으로 해야 합니다.

이제 새로운 제시문을 보여드리겠습니다.

""유행은 누구나 가는 길로 가려는 모방 욕구와 자신을 표현하고 싶은 개성 욕구를 동시에 충족시켜주는 매우 독특한 현상이다.
유행을 따름으로써 자신도 주변 사람들과 똑같이 행동하고 있다는 안도감을 얻으려는 심리, 그리고 다른 사람들과 구별되는 만족감을 얻으려는 심리가 복합적으로 얽혀 있는 것이다.
남을 따르고자 하는 욕구나 소망이 결여되는 경우, 아니면 반대로 개성을 드러내려는 욕구가 결여되는 경우 유행의 영역은 더 이상 존재하지 않게 된다.
예를 들면, 모든 개인이 제각각 특수한 존재가 되려 하고 모방을 기피하는 집단에서는 유행이 발생하지 않는다.
1390년경 피렌체에서 남성 복장의 뚜렷한 유행이 존재하지 않았던 이유는 모두가 각자 독특한 방식으로 차려입고자 했기 때문이다.
반면에 유행이 전체를 지배하게 되면, 즉 처음에는 몇몇 사람이 주도했던 일을 예외 없이 모두가 따라 하게 되면, 그것이 옷이든 음악이든 더 이상 유행이라고 부르지 않는다.
유행은 결코 현재 상태에 머물지 않으며 부단히 진행된다.

다른 관점에서는, 옛것이나 선조를 추종하는 경향이 관습의 시대를 지배했다면, 새로운 것을 숭배하고 동시대인들을 모방하려는 경향이 유행의 시대를 특징 짓는다.
이제 사람들은 선조를 닮으려고 하기보다는, 주위 사람들을 닮으려 한다는 것이다.
변화에 대한 애정과 동시대인들에 대한 모방이 유행의 시대를 이끄는 두 가지 중요한 원리이다.
이 원리들에는 선조의 유산을 평가 절하하고 현재의 규범을 중요시하려는 경향이 동반된다.
옛것은 더 이상 존경해야 하는 것으로 여겨지지 않는다.
사람들은 끊임없이 새것을 탐닉하며, 같은 시대에 사는 사람들을 따라 한다.
예를 들면, 근대 유럽의 상류사회는 변화에 대한 열정에 사로잡혀 있었다.
그 열정은 최신 발명품과 이국적 문물에 대한 열망으로 타올랐다. 이탈리아, 스페인, 프랑스가 선도하는 유행을 다른 국가의 상류층 사람들이 앞다퉈 모방하였다.
그들은 새로운 것이면 무엇이든지 뒤쫓아가려고 했고, 가장 최근에 생겨난 변화를 받아들이고자 했다.
중하층 사람들은 다시 상류층의 유행을 모방하였다. 유행은 이런 식으로 사회 전체에 확산하였고, 언제나 새로운 것이 나타날 때마다 그것을 추종하는 상류층에 의해 계속해서 변화하였다.

한편,사람은 사회적인 존재이기 때문에 지위나 역할이 달라지면 자연히 거기에 맞는 행동양식을 하게 된다. 그 행동양식 가운데 하나가 언어 사용이다.
가령,‘엄마, 아빠’와 같은 말은 어린이들의 말이고,‘자네, 댁’과 같은 단어는 어른들의 말이라는 것도 나이에 따른 사회적 행동 양식이 반영된 것이라고 할 수 있다.
이런‘연령 단계’에 의한 언어 차이 외에도, 기성세대와 신세대, 또는 노년층 세대와 청소년층 세대처럼 ‘세대 차이’에 의한 언어 차이도 있을 수 있다.
젊은 세대는 대체로 기성세대와 비교해 볼 때 유행에 민감하고 새로운 변화를 쉽게 받아들인다.
언어에서도 젊은 세대의 이런 특성이 반영된다. 젊은 세대는 ‘반모’(반말 모드), ‘인싸’(무리에 잘 어울려 지내는 사람, 영어 ‘insider’의 의미) 등과 같은 유행어와 신조어를 만드는 주축으로, 대부분의 유행어와 신조어는 자신의 독특한 개성을 표출하려는 젊은 세대를 중심으로 사용된다.
이러한 언어의 유행 현상은 세대 변화에 따른 것이다.""

                ","질문 1: 유행은 누구를 따라가는 것이 아니라, 무엇을 따라가는 것일까요? 
답변 1: 유행은 어떤 행동이나 패션, 음악 등을 많은 사람들이 특정 시기에 따라 하는 것입니다. 따라서, 누구를 따라가는 것이 아니라, 어떤 것을 따라가는 것입니다.

질문 2: 왜 사람들은 유행에 민감하고 새로운 변화에 쉽게 적응하는지?
답변 2: 사람들은 자아표현과 개성을 중요시하기 때문에 새로운 변화나 유행에 민감합니다. 또한, 집합체 안에서 인정받고 동화되기 위한 욕구가 있기 때문에 새로운 것에 대한 호기심과 열정이 있습니다.

질문 3: 어떤 요인들이 유행의 변화를 이끌어내는가요?
답변 3: 유행의 변화는 크게 세 가지 요인에 의해 일어납니다. 첫째, 대중들의 소비욕구와 제작자의 창작욕구는 끝없이 이어지는 것입니다. 둘째, 마케팅 전문가들과 디자이너들은 유행의 변화를 예측하고, 이에 맞춰 제품 및 광고를 출시합니다. 셋째, 언론 매체와 SNS, 블로그 등에서 유행에 대한 기사가 많이 전해지면서 유행이 형성됩니다."
